Rank,Industry,Sector,RS,1 M_RS,3M_RS,6M_RS,Ticker
1,Other Precious Metals & Mining,Basic Materials,96,95,90,55,"HL,SBSW,BVN,TFPM,PPTA,SLSR,MUX,ASM,MTA"
2,Uranium,Energy,95,88,80,18,"CCJ,UEC,LEU,NXE,UUUU,ISOU,AEC"
3,Silver,Basic Materials,94,92,88,38,"AG,EXK,SVM,DVS"
4,Gold,Basic Materials,92,90,87,84,"NEM,AEM,B,WPM,FNV,GFI,AU,KGC,PAAS,AGI,RGLD,CDE,HMY,EQX,OR,IAG,EGO,NGD,SSRM,SAND,ORLA,NG,AUGO,FSM,SA,DRD,CGAU,AAUC,ARMN,CNL,CMCL,IDR,CTGO,HYMC,BGL,USAU"
5,Banks - Diversified,Financial Services,83,84,84,68,"JPM,BAC,WFC,HSBC,RY,C,MUFG,SAN,TD,UBS,BBVA,SMFG,BMO,BNS,BK,ING,CM,BCS,NTB"
6,Financial Conglomerates,Financial Services,82,84,31,37,"RILYL,RILYP,IX,FRHC,VOYA,HTH,TREE,RILY"
7,Solar,Technology,82,77,77,19,"FSLR,NXT,ENPH,RUN,SEDG,SHLS,JKS,ARRY,CSIQ,TOYO,FTCI,TURB"
8,Pollution & Treatment Controls,Industrials,80,75,65,24,"VLTO,ZWS,FSS,PCT,CECO,ERII,ADUR,ARQ,RAIN"
9,Electronic Gaming & Multimedia,Communication Services,80,71,63,51,"RBLX,NTES,EA,TTWO,GDEV,SOHU,DDI,GRVY,GDC,DKI,SKLZ"
10,Computer Hardware,Technology,77,69,72,38,"ANET,DELL,STX,WDC,SMCI,PSTG,HPQ,IONQ,SNDK,LOGI,UMAC,RGTIW,RGTI,QBTS,QUBT,CRCT,SSYS,CRSR,QMCO,OSS,ALOT,TACT,AGMH"
11,Other Industrial Metals & Mining,Basic Materials,77,69,59,45,"BHP,RIO,VALE,TECK,MP,TMC,MTRN,SKE,USAR,IPX,LAC,ALM,UAMY,CMP,SGML,CRML,NB,EMX,LZM,ELVR,USGO,NEXM,NVA,ATLX,USARW,NVAWW"
12,Utilities - Independent Power Producers,Utilities,76,79,87,73,"VST,NRG,TLN,TAC,PAM,KEN"
13,Airports & Air Services,Industrials,75,87,76,56,"JOBY,PAC,ASR,OMAB,CAAP,SRTA,ASLE"
14,Coking Coal,Basic Materials,75,64,26,10,"HCC,AMR,METCB,METC,SXC"
15,Luxury Goods,Consumer Cyclical,74,70,58,56,"TPR,SIG,CPRI,REAL,LUXE,MOV,ELA"
16,Engineering & Construction,Industrials,74,75,78,34,"PWR,FER,EME,FIX,J,ACM,MTZ,APG,STN,BLD,STRL,TTEK,DY,IESC,PRIM,ROAD,FLR,KBR,GVA,ACA,ECG,AGX,EXPO,TPC,MYRG,LGN,AMRC,CDLR,WLDN,GLDD,BWMN,RITR,MTRX,BBCP,ORN,MSGY,PHOE,MIMI,ONEG,ESOA"
17,Aerospace & Defense,Industrials,71,68,74,57,"GE,RTX,BA,POWWP,LMT,GD,NOC,HWM,TDG,AXON,LHX,HEI,ESLT,RKLB,CW,BWXT,AVAV,TXT,KTOS,WWD,DRS,HII,ERJ,KRMN,CAE,SARO,LOAR,ACHR,FLY,HXL,SPR,MRCY,PL,VSEC,AIR,VVX,VOYG,ATRO,CDRE,DCO,RDW,EH,LUNR,RCAT,NPK,RGR,EVTL,AIRO,TATT,BYRN,SWBI,PKE,ISSC,VWAV,DPRO,SPAI,MOB,CODA,OPXS,SIF"
18,Travel Services,Consumer Cyclical,71,78,67,39,"BKNG,RCL,ABNB,TCOM,CCL,CUK,EXPE,VIK,NCLH,MMYT,GBTG,TNL,TRIP,PRSU,LIND,NUTR"
19,Utilities - Renewable,Utilities,71,74,69,46,"CEG,EBR,BEP,BEPC,ORA,CWEN,ENLT,RNW,FLNC,XIFR,ELLO,STEM,WAVE"
20,Communication Equipment,Technology,71,73,78,51,"CSCO,MSI,UI,HPE,ERIC,CIEN,ASTS,ZBRA,LITE,BDC,VSAT,COMM,VIAV,EXTR,ONDS,AAOI,DGII,TSAT,HLIT,NTGR,ADTN,GILT,CLFD,FEIM,BKTI,AVNW,AUDC,INSG,SILC,OCC,CLRO"
21,Electrical Equipment & Parts,Industrials,71,68,65,39,"VRT,HUBB,BE,NVT,AYI,AEIS,ENS,POWL,HAYW,EOSE,ENVX,ATKR,ENR,AMPX,PLPC,KE,ADSE,LTBR,EAF,FCEL,ELVA,TGEN,ULBI,ESP,RFIL,IPWR,OESX"
22,Tobacco,Consumer Defensive,69,70,81,94,"PM,BTI,MO,TPB,UVV"
23,Capital Markets,Financial Services,69,69,74,49,"SLNHP,MS,GS,SCHW,HOOD,IBKR,CRCL,LPLA,TW,FUTU,NMR,BMNR,HLI,JEF,EVR,GLXY,IREN,SF,XP,FIGR,VIRT,RIOT,PJT,MARA,MKTX,PIPR,ABTC,MC,SNEX,LAZ,CIFR,WULF,BGC,CLSK,HUT,ETOR,MIAX,GEMI,MRX,TIGR,PWP,BRBI,OPY,AMRK,FRGE,NCTY,DOMH,SRL,COHN,ABTS,ZBAI"
24,Copper,Basic Materials,69,60,77,10,"SCCO,FCX,HBM,ERO,IE,MTAL"
25,Medical Distribution,Healthcare,69,62,64,83,"MCK,COR,CAH,HSIC,EMPG"
26,Department Stores,Consumer Cyclical,68,54,33,8,"DDS,M,PLBL,KSS"
27,Consumer Electronics,Technology,68,61,42,26,"AAPL,SONY,LPL,SONO,ZEPP,TBCH,KOSS,AXIL"
28,Semiconductor Equipment & Materials,Technology,67,55,45,13,"ASML,LRCX,AMAT,KLAC,TER,ENTG,NVMI,AMKR,ONTO,CAMT,AMBA,IPGP,ACLS,FORM,ACMR,KLIC,DQ,VECO,PLAB,UCTT,COHU,AEHR,ICHR,ASYS,INTT,TRT"
29,Internet Retail,Consumer Cyclical,66,68,58,49,"AMZN,BABA,PDD,MELI,DASH,SE,CPNG,JD,EBAY,CHWY,W,CART,VIPS,ETSY,GLBE,PTRN,RVLV,JMIA,TDUP,LQDT,NEGG,QVCGA,SBDS,QVCGP"
30,Auto Parts,Consumer Cyclical,66,70,65,35,"ORLY,AZO,GPC,APTV,MGA,MBLY,ALV,BWA,LKQ,MOD,ALSN,QS,GNTX,LEA,DORM,HSAI,AAP,ATMU,VC,GTX,DAN,PHIN,GT,ADNT,THRM,FOXF,XPEL,SMP,PLOW,AXL,CPS,MNRO,MLR,MPAA,STRT,SRI"
31,Aluminum,Basic Materials,65,62,59,12,"AA,CENX,CSTM,KALU"
32,Electronic Components,Technology,65,64,68,38,"APH,GLW,TEL,CLS,JBL,FLEX,FN,OLED,LFUS,SANM,TTMI,RAL,OSIS,PLXS,VICR,KN,BELFA,BELFB,OUST,ROG,BHE,CTS,DAKT,ALNT,LYTS,LPTH,MEI,MPTI,RELL,LINK,GAUZ,HOLO,ELTK"
33,Biotechnology,Healthcare,64,55,47,32,"ALNY,ONC,GMAB,ROIV,BBIO,MDGL,CORT,HALO,CYTK,RNA,CRSP,PTCT,KYMR,PTGX,MENS,MIRM,AAPG,LGND,CNTA,QURE,NAMS,MLYS,CGON,TARS,CDTX,ARQT,CELC,OCUL,TVTX,MESO,NTLA,VRDN,AMLX,PHVS,AUPH,RCUS,STOK,SNDX,ZYME,RAPP,LENZ,ATAI,YDES,TRML,CVAC,ORIC,NKTR,PHAR,IMTX,UPB,TNGX,ORKA,GHRS,RLAY,URGN,CRMD,NBTX,RZLT,KOD,IVA,SEPN,MBX,PHAT,NAGE,DNA,TBPH,PVLA,MGTX,VSTM,RIGL,ARCT,SLDB,MNPR,INBX,GLUE,XOMA,RAPT,IMRX,KRRO,DSGN,LXEO,TVRD,ENGN,ENTA,SCPH,EPRX,VOR,PBYI,FENC,DBVT,SGMT,FBRX,NTHI,MCRB,CRBP,EXOZ,KLRS,HYPD,PTHS,SLGL,COEP,CRVO,QNTM,VTVT,FGEN,FBIOP,TENX,LIXT,NAMSW,ARGX,RPRX,INCY,ASND,EXEL,RVMD,CAI,JAZZ,AXSM,TGTX,KRYS,ACLX,CRNX,AKRO,ACAD,XENE,BEAM,BLTE,IDYA,GLPG,IRON,CLDX,MNKD,NVAX,ARDX,IMNM,KURA,TYRA,ANAB,KALV,ZVRA,RGNX,BNTC,AARD,LYEL,NTRB,ICCC,KPTI,RADX,GBIO,BGMSP,SMMT,NUVL,ZLAB,SLNO,FOLD,AGIO,IMCR,XOMAO,VRTX,REGN,INSM,BNTX,BMRN,IONS,MRNA,VRNA,TECH,MRUS,RYTM,ABVX,LEGN,MTSR,ARWR,PCVX,SRRK,ADMA,TLX,RARE,VKTX,APLS,IMVT,CPRX,APGE,ETNB,DNLI,ADPT,COGT,LQDA,SRPT,VERA,DYN,EWTX,VCEL,HRMY,DNTH,BHVN,GPCR,JANX,XERS,SION,ELVN,INVA,WVE,MAZE,PRAX,TRVI,MDXG,SYRE,VALN,EYPT,SPRY,PRME,MNMD,OCS,BBOT,ZBIO,XNCR,VIR,FTRE,BCAX,AVXL,AVBP,DAWN,NRIX,GYRE,TERN,OLMA,KROS,ARVN,CRVS,BCYC,PRTA,FULC,PRTC,DRUG,ATXS,MLTX,FDMT,ASMB,AURA,DMAC,CGEM,LBRX,CAPR,CTNM,ALDX,TECX,CADL,FHTX,JBIO,ABEO,SLN,KYTX,RNAC,NGNE,TRDA,TNXP,CBIO,MDWD,ELTX,AVTX,ACTU,NVCT,CYBN,HIND,GLSI,TIL,ACOG,SRZN,ATRA,COYA,CSBR,IMA,CVM,ALGS,INKT,DTIL,TPST,MRSN,CVKD,PASG,NEUP,BCTX,CLRB,DWTX,IMNN,SNSE,ARTL,LYRA,KZIA,BOLT,QLGN,RNAZ,CERO,SPRB,CNSP,BDRX,QNRX,ELAB,DRMA"
34,Thermal Coal,Energy,64,53,42,53,"CNR,BTU,ARLP,NRP,HNRG,NC"
35,Entertainment,Communication Services,64,62,73,54,"NFLX,DIS,WBD,LYV,FOX,FOXA,FWONA,FWONK,PSKY,NWS,NWSA,WMG,TKO,ROKU,LLYVA,LLYVK,SIRI,MSGS,CNK,MANU,BATRK,BATRA,SPHR,IMAX,ANGX,PLAY,RSVR,MCS,AMCX,AENT,STRZ,GAIA,BREA,RDIB"
36,Mortgage Finance,Financial Services,62,64,40,51,"RKT,COOP,UWMC,PFSI,WD,GHLD,BETR,VEL,ONIT,GHI,SNFCA,PAPL"
37,Auto Manufacturers,Consumer Cyclical,62,55,51,39,"TSLA,TM,RACE,GM,F,HMC,STLA,LI,XPEV,RIVN,NIO,ZK,LCID,CYD,EMPD,SSM"
38,Oil & Gas Refining & Marketing,Energy,61,57,54,31,"MPC,PSX,VLO,DINO,SUN,IEP,CVI,PBF,DKL,DK,PARR,WKC,CAPL,SGU,DLXY"
39,Security & Protection Services,Industrials,61,56,58,53,"ALLE,ADT,MSA,BCO,BRC,GEO,CXW,NSSC,EVLV,MG,CIX,NL,KSCP,SPCB"
40,Education & Training Services,Consumer Defensive,61,57,59,69,"EDU,TAL,LRN,LOPE,ATGE,GHC,LAUR,MH,PRDO,STRA,COUR,UTI,AFYA,DAO,UDMY,KLC,LINC,APEI,QSG,COE,FC,LGCY,SKIL,STG"
41,Steel,Basic Materials,59,63,59,41,"NUE,MT,STLD,PKX,RS,TX,CMC,CLF,SIM,WS,MTUS,NWPX,MSB,ZEUS,LUD,FRD,ACNT"
42,Semiconductors,Technology,58,61,69,18,"NVDA,AVGO,TSM,AMD,MU,MCHPP,QCOM,TXN,INTC,ARM,ADI,MRVL,NXPI,MPWR,MCHP,ALAB,STM,CRDO,ASX,GFS,ON,UMC,SWKS,RMBS,LSCC,MTSI,QRVO,TSEM,SITM,CRUS,ALGM,SMTC,PI,SLAB,WOLF,SIMO,SYNA,DIOD,POWI,VSH,NVTS,HIMX,LASR,MXL,SKYT,AOSL,IMOS,CEVA,AMBQ,POET,AIP,NVEC,ALMU,MRAM,SQNS,QUIK,WKEY,PXLW"
43,Marine Shipping,Industrials,57,54,25,24,"KEX,MATX,HAFN,BWLP,SBLK,DAC,ZIM,CMRE,NMM,CCEC,GSL,SFL,ECO,GNK,ASC,ESEA,HSHP,CMDB,PANL,UFG,GASS,VNTG,SHIP,SMHI,HTCO,EDRY,EHLD"
44,Utilities - Regulated Gas,Utilities,57,45,47,80,"ATO,NI,UGI,SWX,BIPC,OGS,NJR,SR,BKH,MDU,CPK,CTRI,NWN,SPH,RGCO"
45,Metal Fabrication,Industrials,57,65,83,58,"CRS,MLI,ATI,ESAB,WOR,CMPO,PRLB,IIIN,RYI,TG,MEC,GIFI,TPCS,MTEN,SGBX,CMPOW"
46,Rental & Leasing Services,Industrials,56,60,59,40,"URI,AER,FTAI,R,AL,FTAIN,UHAL,GATX,CAR,HRI,WSC,MGRC,HTZ,CTOS,PRG,WLFC,ALTG"
47,Specialty Industrial Machinery,Industrials,56,57,61,34,"GEV,ETN,PH,ITW,EMR,CMI,AME,ROK,OTIS,XYL,IR,SYM,DOV,PNR,GGG,ITT,NDSN,IEX,CR,AOS,GNRC,RRX,DCI,WTS,GTLS,JBTM,FLS,MIDD,GTES,MIR,SMR,NPO,FELE,CSW,MWA,CXT,KAI,XMTR,AMSC,ATS,SXI,PSIX,EPAC,HI,HLIO,NNE,TNC,GRC,THR,SERV,KRNT,GHM,LXFR,OFLX,PKOH,TWIN,TAYD,HURC,SPPL"
48,Agricultural Inputs,Basic Materials,54,54,69,45,"CTVA,NTR,CF,MOS,ICL,FMC,SMG,UAN,IPI,AVD"
49,Internet Content & Information,Communication Services,54,56,54,42,"GOOGL,GOOG,META,SPOT,BIDU,RDDT,TME,NBIS,PINS,Z,ZG,SNAP,BILI,BZ,MTCH,STUB,DJT,ATHM,GENI,WB,JOYY,IAC,DJTWW,WBTN,UPWK,RUM,YELP,OPRA,MOMO,BMBL,GRPN,FVRR,EVER,NRDS,MAX,CARS,ANGI,SSTK,JFIN,THRY,ZH,PERI,UPXI,AREN,CMCM,DOYU,SEAT,TZOO,SOGP,SCOR,BODI,LCFY,SLE"
50,Scientific & Technical Instruments,Technology,54,54,64,42,"GRMN,KEYS,TDY,TRMB,COHR,FTV,MKSI,CGNX,VNT,ITRI,ESE,BMI,ST,NOVT,ITRN,VPG,MLAB,ACFN,MIND,LGL,WATT,ASTC"
51,Airlines,Industrials,53,72,61,32,"DAL,UAL,RYAAY,LUV,LTM,AAL,ALK,CPA,SKYW,JBLU,ALGT,VLRS,SNCY"
52,Oil & Gas Equipment & Services,Energy,53,53,42,31,"SLB,BKR,HAL,TS,FTI,NOV,WFRD,AROC,LB,VAL,KGS,USAC,SEI,WHD,TDW,OII,LBRT,AESI,NEXT,XPRO,FLOC,EFXT,WTTR,INVX,MRC,WBI,NESR,VTOL,HLX,NPKI,CLB,PUMP,FTK,NOA,OIS,NGS,FET,RNGR,GEOS,NCSM,LSE"
53,Specialty Retail,Consumer Cyclical,53,55,41,26,"TSCO,ULTA,WSM,CASY,DKS,BBY,GME,FIVE,MUSA,MNSO,BBWI,RH,ASO,EYE,SVV,WINA,SBH,ARHS,LESL,BBW,ODP,HZO,BWMX,BNED,ONEW,CHPT,BQ,FTEL"
54,Industrial Distribution,Industrials,52,69,62,43,"FAST,GWW,FERG,WSO,QXO,POOL,CNM,WCC,AIT,REZI,SITE,MSM,DXPE,DNOW,GIC,DSGR,BXC,EVI,TITN"
55,REIT - Healthcare Facilities,Real Estate,52,51,33,69,"WELL,NHPBP,NHPAP,VTR,DOC,OHI,CTRE,AHR,HR,SBRA,NHI,LTC,SILA,GMRE,STRW,UHT,CHCT"
56,Utilities - Regulated Electric,Utilities,52,47,51,82,"VIASP,NEE,SO,DUK,NGG,AEP,D,XEL,EXC,ETR,PEG,WEC,ED,PCG,DTE,AEE,PPL,FE,ES,CNP,FTS,CMS,EIX,OKLO,EVRG,LNT,KEP,EMA,PNW,OGE,IDA,ELP,ELPC,TXNM,POR,NWE,MGEE,HE,CEPU,EDN,GNE"
57,Real Estate Services,Real Estate,52,59,43,46,"CBRE,CSGP,BEKE,JLL,BPYPP,FSV,CIGI,NMRK,COMP,CWK,IHS,HOUS,BPYPN,BPYPO,OPEN,EXPI,MMI,KW,IRS,RMAX,FRPH,TCI,MLP,SEG,ARL,RMR,NEN,CHCI,LHAI,ASPS,STHO,NYC,GYRO,LRHC"
58,Conglomerates,Industrials,51,49,45,40,"STRRP,HON,MMM,VMI,SEB,OTTR,BBU,DLX,TTI,MATW,CRESY,CODI,AIRTP,TRC,BOC,FBYD,RCMT,BOOM,AIRT,STRR"
59,Drug Manufacturers - Specialty & Generic,Healthcare,51,49,48,50,"ZTS,TAK,HLN,TEVA,UTHR,NBIX,HIMS,RDY,VTRS,ELAN,RGC,ALKS,LNTH,AMRX,PBH,INDV,PRGO,KNSA,HCM,SUPN,ALVO,BHC,ANIP,BGM,HROW,BCRX,PAHC,AVDL,AMPH,PCRX,DVAX,COLL,AQST,SIGA,ETON,EBS,EOLS,KMDA,ACB,TKNO,LFCR,BIOA,DERM,ANIK,FLGC"
60,ETF,ETF,51,50,50,52,"RGTX,EDZ,LABD,HOOX,HOOG,RGTU,APPX,QBTX,PTIR,ROBN,GDXU,IONX,IONL,RBLU,RKLX,OKLL,JNUG,PLTU,NUGT,RDTL,SOFX,RIOX,BABX,WGMI,ETU,URAA,ETHT,ETHU,QPUX,PONX,MSOX,ORCX,TARK,MUU,MULL,APLX,PLTG,AMUU,GDMN,KORU,AVL,GLGG,AVGX,MDBX,STCE,LAYS,SOUX,VRTL,KBAB,BKCH,SLVP,GGLL,ZIPP,SLVR,SHNY,SOLT,DFEN,AUMI,GOEX,AGQ,GDXJ,SILJ,GOOX,MJ,RING,MNRS,KDEF,SIL,COIG,LMBO,BULZ,WEED,INTW,AGMI,ETHV,EZET,TETH,ETHW,ETH,QETH,FETH,MSOS,GDX,TSLR,AVGG,ETHE,SGDJ,MEXX,PSIL,SGDM,TSLL,LRCU,TSMX,GBUG,TSLT,IBLC,TSMG,CLSX,DAPP,TESL,TSMU,GOAU,WILD,URA,EVAV,CNXT,GDLC,REMX,USD,TSLI,FDIG,ARKW,BITQ,AIBU,NVDL,BEGS,SETM,UGL,DMAT,TSL,URNJ,SPRX,NLR,BTGD,KSTR,NVDG,HIMY,XYZG,PBW,HYDR,ARKK,XME,NVDU,CNBS,TSLG,SHLD,HIBL,SOLZ,URAN,PDDL,SATO,ARKF,ASMG,EETH,UFO,ARKQ,NVDX,NUKZ,NODE,QQQU,UBRL,LIMI,CHAT,CTEX,EUAD,TECL,BLOK,COPJ,CWEB,SNOU,BWEB,NVTX,PLTM,AMDG,ELON,PPLT,URNM,MAGX,COPA,FNGG,ARKX,EDC,AETH,YINN,BITS,HIMZ,LIT,FNGU,CARU,BUZZ,SLON,ALAI,CNRG,CTEC,WEBL,RVNL,TEKX,ATFV,LITP,SIVR,DRGN,SLV,ILIT,BATT,BTCL,LOUP,PSLV,HOOI,BTFX,AIS,ION,METV,BULX,YGLD,QUP,KARS,NFLU,VNM,CQQQ,TQQQ,BOTT,UNHG,BNKU,XXRP,TCHI,ECNS,SOXL,NFXL,COPX,QQUP,TOKE,CHAU,HOOW,GLXU,VNAM,BITU,NIKL,CNEQ,GMET,LTL,EPU,KEMQ,ROM,BTF,BWET,GDE,CXSE,SMHX,GAMR,ESPO,AFK,TMAT,CEF,CRPT,OWNB,OND,CONL,FPX,XPP,BLKC,BNGE,GREK,SPPP,SKYU,QTUM,JOBX,GLTR,XSD,WTAI,KCAI,BITX,ONLN,KTUP,PRXG,ROKT,AGIX,BAI,FRNW,NATO,FCA,BTC,HODL,ASHS,BTCW,SHOC,XAR,BITB,EZBC,ARKB,BTCO,FBTC,BRRR,SOCL,AMDL,NERD,THNQ,AVGU,KURE,DEFI,ICOP,TEC,TRFK,GBTC,EWY,IQM,SFYF,GSIB,RTXG,QQQP,EET,AIVC,MQQQ,SIXG,EWP,CVNX,BRZU,FLKR,SMH,IPOS,MGNR,BOEU,VCLN,FGDL,QLD,XTL,XNTK,UBR,MSFL,GLDM,IAUM,WISE,SGOL,QCLN,AAAU,OUNZ,IAU,BCOR,GLD,FFTY,DBP,CGRO,PHYS,BBC,CTEF,EZA,EMEQ,HOOY,TSII,BETE,NBCE,LABU,ODDS,SPXL,UPRO,KGRN,CAS,LMTL,EZPZ,ITA,MCH,LENS,WANT,BAIG,FGM,KWEB,FDNI,DLLL,MAKX,SSK,HSBH,ELFY,CLIX,ASMH,MINV,DARP,TRFM,IZRL,FAI,MSFX,MAGS,AIFD,HERO,FLCH,MCHI,FDRV,AIA,GXC,TAN,COPP,EURL,KTEC,RETL,AIRR,EGGQ,FDCF,VERS,KBA,KOID,QQQS,FITE,MSFU,CHPS,EWO,JPY,NEBX,IVES,CRWL,FWD,FDTS,AIQ,JCHI,ACES,CBSE,TNA,EUFN,ARTY,SPYU,RSSX,PWRD,DOGD,FTXL,SOXQ,URTY,HAIL,NITE,FNGS,COLO,FBL,ILDR,EIS,RAYC,FRTY,EWW,FEUZ,CARZ,IBAT,NVII,MISL,IGM,PKB,SIMS,IWFL,OGIG,UTES,AOTG,AVDV,LFSC,PPA,IVRS,FDT,IYW,FTWO,CCNR,MKOR,BLOX,OOQB,QBIG,PALL,FMET,PSI,EBIZ,FEP,HFGM,MTUL,WAR,EWI,FTHF,PLTW,JTEK,IMOM,FLMX,PBD,DRIV,UTSL,GCAD,IXP,TTEQ,UXAP,KOMP,ADPV,GOOP,GOLY,SPHB,ASHR,WUGI,PILL,KPDD,ICLN,EMDM,SAMT,FTEC,EZJ,SPMO,VGT,GRNY,SPYQ,CHPY,FLYU,SOXX,GVIP,METU,SBIO,CBTA,GEME,FFEM,TEMT,SPUU,PIE,XOVR,TEK,EWZS,XAIX,IWC,IDEF,CRAK,CNYA,SPTE,BDRY,SSO,BRF,UCYB,SLJY,SEMI,UCC,DUSL,PWER,MRAL,IETC,IDRV,GVAL,XLK,ETEC,XXCH,IXN,GGME,JIVE,CVRT,VOX,FEOE,BLCN,AVUQ,ISRA,FYC,SKYY,FCOM,KBWB,IAI,STHH,OPPJ,BULD,FCUS,AADR,BETZ,FXI,OPTZ,EMQQ,WCME,PGJ,FFOG,GK,LCLG,FDD,AFOS,FLN,ASIA,PCCE,DISV,FLTW,XLC,HVAC,AGEM,XRPT,MMLG,IBUY,PNQI,PLT,EPOL,GTEK,PPI,FDG,BUYZ,EWS,FRDM,FBCG,RND,UWM,DVQQ,AAPB,WTRE,TDIV,VOLT,UX,FOWF,QCML,TTDU,JADE,FFLG,PATN,GMOI,ONEQ,HUMN,EFO,PPEM,USG,ENDW,SMOG,MVPL,TDI,EMCS,UPV,SPUC,PWB,SPYG,LSVD,QTOP,VOOG,IVW,PIEQ,AVDS,WSML,NBDS,IDMO,TSEL,DFJ,CCSO,FDMO,FELG,GOOW,PEJ,IGPT,EWC,GWX,MTUM,SCHC,GRID,ILF,ESGE,EEMX,QGRW,IWF,FPXI,GAST,VONG,FDN,MGK,PICK,GLRY,IUSG,IWY,QQWZ,CGGR,FTCE,EGUS,COAL,KOLD,THMZ,XRPI,DFII,SGRT,FJP,XPND,IGV,FEMR,HFGO,QTEC,ISVL,GURU,VUG,QQMG,IPKW,NXTE,FORH,ZSB,QQH,BPAY,KNCT,GEVX,SEEM,PIZ,EWJV,JEMA,LQAI,FEGE,TOPT,EEMA,VIDI,GFLW,TMFC,EWT,GARP,SNTH,FLLA,TOPC,VFMO,ECON,CNAV,EWH,AVNV,QPX,NSI,FLAX,AVIV,NANR,IPO,GROZ,BTRN,DTCR,GINN,SFY,QQQM,ROBT,DFIV,DRAI,DAT,FLCA,DWLD,QQQ,SEIM,WLDR,FMKT,GSEE,AVEM,UXI,GGUS,ORR,IDV,THIR,TCAI,EEM,EFAS,AAXJ,IVLU,IOO,FAS,BBP,ILCG,BESF,JGRO,DXJ,SCJ,WRND,LDEM,GDMA,FNDC,RSPT,BBCA,CLOD,UPW,EMCR,DINT,FCVT,AVNM,DFIS,HEEM,TOGA,FPXE,ICVT,LSGR,MOTO,MUSQ,GEM,BFAP,FMTM,PDN,SCHG,AESR,TCHP,DBEM,LGRO,UIVM,JDVI,MMSC,PSCT,QQQJ,SPAM,ZAP,XSOE,XLG,QTJL,FLJH,WLTG,KBUF,TGLR,IVAL,PYZ,FAD,IYZ,MVFG,TGRT,MEM,IEMG,EWN,PJFG,XT,IDVO,PGRO,OPPE,FFND,NUGO,XIDV,RSPC,HEWJ,JSML,FSCC,BIB,EWZ,SPUS,FLCG,TGRW,UBOT,SCHE,DSTX,FBOT,TLTD,FNDF,LGH,AVDE,ISCF,QLC,MAVF,AVSE,CGNG,SPBC,DTH,REMG,BRAZ,FIVA,MSTQ,ARKG,DRAG,QFLR,IFV,INTL,FTC,HBTA,FXL,BKEM,LRND,TUG,FDTX,DFAE,FESM,LRNZ,WINN,KEUA,YALL,COPY,DRUP,PXF,GGRW,DXIV,AGRW,FLEU,ROBO,OEF,JXX,SOLR,QGRO,AVSD,EMIF,CGIC,MOOD,NULG,MADE,QINT,EFV,STXG,GQQQ,MPLY,DFAX,FAN,IWML,FDLS,RECS,GEND,PRXV,AAPU,FENI,DBJP,RILA,FGD,VTWG,XUSP,DFSE,BRNY,TINY,ALTL,IWO,VSS,IMTM,NTSE,IBOT,CWB,EQLT,PEXL,BINV,RAAX,EMGF,VPL,DLS,XBI,DYNF,JHID,QXQ,FNY,CSNR,CIBR,CLSE,CHIQ,ECOW,PXH,DAX,INFO,NANC,APIE,ECH,PAVE,DFIC,NUEM,SPXV,RBLY,RPG,VSLU,SEIE,BBEM,QQHG,QQJG,FEM,ICOW,GOP,DFEM,NXTG,VWO,DEHP,EVLU,WFH,GENW,TSME,ISHP,QTJA,TDVI,FNDE,FINT,SCZ,EZU,EFNL,PTL,AAPX,SPD,INEQ,FLJP,FLQL,USCI,SPEM,TEMX,PTF,CSD,KEMX,SOXY,SEIV,PEVC,FYLD,SECT,OALC,IGLD,NBGX,GMF,KOOL,JUSA,RHRX,KCE,FGSM,HACK,PLTA,ENOR,GSJY,USMC,MGC,IXG,RSSB,HAP,BBJP,YOKE,CWI,ACGR,FLBR,VWID,PSCI,QTR,RSHO,NBJP,RAYJ,IWL,SPGM,CBXA,IYG,IXUS,LST,BGLD,OAIM,RAYD,VLUE,HLAL,BTOP,EOCT,CGXU,FCLD,XLY,ITEQ,RNRG,DFNL,NACP,SPWO,FTXO,DGT,MSTB,UYG,DDLS,MEMX,CBTJ,BRIF,KGLD,PUI,JMOM,XSW,UDIV,IDVZ,SMIZ,XCEM,TSLP,NORW,CPAI,SPDW,ACWX,SNPG,ITDJ,VXUS,BKF,PRN,BKLC,DSI,JSMD,TLTE,SPXN,NBCR,EWJ,GLOF,VAMO,ITDI,CSM,ITDH,OSCX,ERTH,TECB,BCHI,EGGS,ITDG,SCHF,GSUS,NXTI,VEU,RXI,VEA,RFDI,BUL,IPAC,FFGX,LCAP,GXDW,LRGF,QSIX,PALU,XRT,AZTD,LEGR,COWG,CRTC,AVES,EFFE,UXOC,BBLU,DIM,FEZ,TOUS,EMXC,DEMZ,ACWI,VOTE,BBSC,QQQG,VV,DFUS,VYMI,JPXN,EGLE,XDQQ,EXI,AIEQ,USXF,ESGV,JHEM,NUDM,ILCB,DIEM,APUE,VXF,MODL,INTF,XVV,LCOW,BBUS,IWLG,IWP,DFAI,KQQQ,VT,TOV,CGDV,MFDX,CATH,CGGE,RGEF,DFSI,PBUS,FXU,FELC,USPX,CRBN,CAML,SPYX,IDEV,FTGS,FDIS,URTH,VCR,SUSL,QTAP,EDGH,ITDF,TPIF,RVER,PKW,YNOT,SCHX,VOT,USSG,LRGC,RUSC,SPXE,NTSX,SCHB,AVEE,IYY,VONE,IWM,GSPY,WCMI,FCPI,SCHK,ITOT,STRV,VTWO,GXPC,FTRI,HDUS,LCTU,IWB,IWV,FDM,TOK,AVLC,IVV,VTI,CGGO,TSPA,FRDU,IBRN,SLX,NZAC,HSCZ,VOO,VTHR,RSST,KWT,SPLG,HFEQ,FPAG,FIDI,ESGU,UDOW,MOTG,SFLO,LCF,AVXC,SSUS,UXJA,RODM,QTOC,DFAU,TAX,EWK,CVIE,GDXY,VSGX,FLGR,EDGI,SOFL,PEMX,RVRB,EPSV,FYX,PVEX,DFEV,RSSL,HEQQ,PRFZ,QDEC,BKGI,QRFT,DOL,XITK,DWM,OBOR,EWG,DDWM,BLGR,SNPE,IYF,USNZ,LOPP,BKIE,GSLC,SSXU,XPH,FDIF,JPAN,EFIV,IGE,TXS,QULL,EMXF,BFRE,HCMT,MFSG,FFDI,PJIO,SPTM,RFDA,JOET,CGUS,IDOG,DUBS,TXUE,BOTZ,DIVI,AVGE,THRO,FDEM,BBB,SPVM,GUSA,FDND,IEFA,DVYA,FFLC,GUNR,FDRR,ABIG,ROAM,QVML,SMLF,XNAV,IWFG,NJUL,FEAC,IYC,BETH,OVL,GLOW,GSIE,HAWX,ISCG,AVUS,TDEC,FEMS,EMPB,JPIN,CGV,JHMD,JCTR,BDIV,PDP,FMQQ,XMVM,DFSU,DFAW,ADVE,TILT,LEXI,MFSI,EPS,VUSE,SDCI,EMC,AKAF,SFYX,AVGV,EWX,WDEF,ITDE,NULC,JIG,AIVI,IQDY,RISN,FQAL,JIRE,FLCC,OAEM,EPEM,TMFX,CANC,XLSR,PIT,CARK,SNAV,RJMG,QMMY,TSEP,DWUS,OVLH,JUST,KLMT,EFA,HAPI,EMM,OVF,EWD,PPIE,WCBR,EFAX,ESGG,VIS,XDAT,VEGN,QBF,KRBN,SEPT,RDVY,RSEE,UEVM,DSPY,SPYC,DCOR,AMOM,RFEM,BSEP,INFL,NJUN,DEXC,FLRG,BAMG,PRNT,FIDU,NAUG,EMSF,XCOR,FLGB,PABU,FSST,OMFS,XSMO,QSPT,SMDX,CVLC,MGMT,IFRA,CSMD,EWU,KPRO,GSID,STXI,DBAW,IDEQ,SMCC,RAYE,PABD,TSLO,JMID,BKCG,FLEE,BAUG,ABOT,SUSA,FVAL,ILOW,HGER,ROE,TCAF,GSKH,ITAN,DTEC,SEIS,KOKU,EEMS,BOCT,DFAC,LCTD,MSMR,FMCX,IQDF,PXI,JETS,BKSE,DDM,IBBQ,GCC,SCHA,MMTM,LOGO,IEV,RSPU,AUGP,AUGT,STXE,ESGD,GSEU,AVSU,WDNA,TSPX,BBIN,XLI,EJUL,QJUN,PSC,FINX,SAGP,VGK,TEXN,AFLG,FMAG,RFLR,TUGN,IEUR,JXI,FIRS,DTAN,QHDG,DMCY,AIPO,IPAV,PSWD,BPI,MFEM,VICE,KEAT,VNSE,XTAP,FHEQ,QDF,MAPP,NSEP,LGDX,FDWM,LRGE,NWLG,KLMN,FEUS,RZV,VBK,XTJL,BFOR,GNR,JHML,MSDD,USNG,METL,OCTT,HARD,AOA,GPZ,LITL,SEPP,GSSC,XDOC,USCA,QDEF,ITDD,IDX,EDGU,FID,FCFY,LCG,FJUL,CGIE,IQSU,BBEU,RHTX,HFXI,SPEU,BUFQ,IWDL,BJK,ZHDG,NJAN,MOTI,GMEY,FUTY,IWN,AGOX,JPEF,IFED,NTSI,DUSA,FPWR,SPBU,IEUS,PBQQ,TMH,GMOM,DALI,INVN,SMMD,EAOA,MILN,BJAN,FLOW,SSPX,GXUS,AFSM,UAE,QDVO,CGGG,MSLC,BMAR,EHLS,SFLR,ADIV,XDSQ,FAUG,XTJA,MAXI,VPU,VTWV,BLUC,XMMO,FXO,DEEF,BIBL,CBXJ,SVXY,RGLO,TURF,BNOV,EPP,BPH,CDEI,DXUV,FOCT,PVAL,SPYH,CGMM,DWAW,QMAG,EBI,BJUL,AAVM,FLSP,EDGE,PJFV,RSPD,FLCE,FNCL,ALLW,YSEP,FEX,JULP,SMCF,VFMF,MART,RBLD,DFE,AUGU,VFH,AGIQ,DJUL,EMOP,JULT,WWJD,TMAR,TDV,QCJL,RFFC,NVBU,JANT,OCTP,XTOC,PJP,QQQE,XLU,PSFJ,QLTY,BFEB,ROUS,ISCB,FMDE,QQEW,NOVP,FLAG,LGCF,HECA,ESG,AGQI,COIA,SEPU,IGF,AVSC,MARU,ULVM,ESML,FEBT,BDEC,NVBT,ACLC,NOCT,GII,PRF,FTXR,PRAE,EMMF,COWS,JPX,FFEB,INOV,JULU,DECT,JANU,PSFO,OCTU,BUFB,LEAD,RZG,KMAR,FDEC,NNOV,KNOV,RNWZ,RTH,TWOX,FDEV,FAAR,LVHI,KSPY,FSEP,BOEG,XLF,ITDC,DECP,VEGA,DIHP,FCTR,JNEU,BEDZ,FJAN,BEEX,HEGD,BUYO,NDEC,ACVF,ARLU,PWV,UAUG,ESN,HIDV,ANEW,CAIE,RWL,FXD,ULE,RWJ,FNX,SIXP,AQLT,IDU,PSMJ,QMNV,GRPM,IOCT,MRCP,VSMV,PTH,STRN,JANP,FBUF,CGDG,SNSR,FDVV,TMSL,BBMC,GJUL,DGS,FNOV,IJUL,GPIQ,BUFG,SUPP,TEMP,NMAR,MAYU,DWX,EYLD,OCTZ,EAFG,OMFL,BCHP,JVAL,ESUM,IVVM,SGLC,KRMA,QDPL,CHGX,JULZ,HAPS,EMOT,KOCT,PSCJ,MAYZ,CGBL,GXPT,DFVX,SMRI,PAUG,SIXF,FNDX,FMAY,ILCV,IMCG,PJUL,KMAY,JHAI,CEFA,TYLG,VFLO,STOX,JGLO,VNQI,IDUB,APRZ,HEZU,IUS,JHDV,FNDB,SAMM,SWP,HDLB,RCTR,ZSC,VO,QEFA,MFUS,SZK,FEBP,REVS,BJUN,WTV,DVND,DUHP,PSFD,BUFR,KBE,PQAP,ADME,QLVE,EWQ,RLY,SIXJ,UJUL,DOCT,WCEO,BUFP,ARMH,CGCV,ACSI,AVMA,USEP,JUNP,SAWG,KJAN,EAGL,HBTC,DBEZ,RXD,EPSB,THEQ,SDG,STXM,SHDG,JUNT,JAPN,PSCD,LOWV,QOWZ,PSEP,GLOV,PYPG,FEDM,NFEB,HEFA,DAUG,XCNY,VLU,BSVO,NOVZ,QEMM,USVM,ASLV,EMES,EQRR,VLLU,FEBU,PSCQ,HGRO,QMFE,RINT,QMAR,SFTY,IDGT,BSTP,EEMO,VYLD,SEPZ,CSTK,MXI,ETHO,MSSM,FFSM,FFOX,ISEP,PRVS,PANG,ELM,RAA,SDIV,HERD,XMAG,DECZ,MRSK,EQWL,NVDW,DLN,EPMB,LFEQ,STXK,DWMF,BBAX,WDIV,IQSI,RAFE,APED,JANZ,RSMV,BTCI,UPSD,BWTG,AUGZ,PTEU,AOR,DNOV,SNOV,GOCT,UPAR,IDEC,KFEB,JDIV,RPHS,PSCX,RWK,PSMO,JUNZ,ITDB,FUNL,SPGP,UDEC,IBB,GMAY,NUMV,EASG,IMAY,DEEP,DBEF,FLCV,JQUA,CLSM,DGRE,WTMF,QCOC,RSPN,JPSE,TMET,IWR,ONOF,DDEC,PDEC,SCHY,XBJL,FSZ,NMAY,GAUG,TRUT,IJUN,XBAP,TMFE,PHEQ,AEMS,OAKM,QARP,BUFI,SPXT,PJAN,SQEW,PMAR,PID,POCT,TJUN,OASC,VMAX,BUFY,QUAL,QBUF,DJAN,BAMA,YJUN,DFEB,FJUN,DEW,PBJL,VB,PJUN,NBCM,BLCV,BLES,IJAN,UMMA,LRGG,HEDJ,CANQ,EES,FLJJ,CCMG,UOCT,PSMD,EALT,SNPV,ALRG,HDEF,GDEC,DFVE,OCFS,SROI,PBAU,AUGW,UJAN,XBJA,EAOR,BDGS,AVLV,CLCG,JULW,LCR,IDLV,GNOV,CVSE,GFEB,DSEP,RPV,EAPR,IFEB,MID,BGDV,HAUZ,UMAR,EVNT,ONEO,LSAF,LALT,PFEB,KSEP,BABO,DMAY,AVUV,SFEB,ARP,SEIQ,PLDR,BMAY,HYXU,CPRO,UFEB,BUFF,RBUF,YMAR,VYM,DWAS,LPRE,BOBP,PBSE,QVOY,GBLD,TRIO,ZECP,DTD,FLAU,IMAR,EFG,EFAV,GJAN,DGRO,KRE,OCIO,FEBZ,PNOV,XAPR,EBIT,UNOV,ACIO,ABFL,GOOY,AFMC,WBIF,SCHV,IQSZ,TINT,DECU,EPMV,TRTY,BCDF,MAYT,IQLT,FNDA,SPVU,GSEW,PSFF,PBJN,BINT,SMCO,PSTP,DGRW,SAUG,PBDE,PBNV,NDOW,SDEM,MYLD,IMCB,JUNW,BUFD,TSLW,DIVZ,IQQQ,JPEM,XVOL,MSSS,XOMX,QWLD,TPSC,FFLS,SAEF,KNO,JHMM,RFV,SDVY,BKMC,DIA,STXD,CERY,IAT,CGW,BUFZ,MARZ,TACK,QQA,SCHM,DECW,FELV,DFAS,ESK,SEPW,VFVA,ROSC,GAL,GCOW,GSEP,GBXA,QCJA,VIG,UJUN,SAA,IMFL,PFM,PXJ,XJUN,DMXF,BLUX,IFGL,SAWS,GAA,IAUG,ONEZ,BUFM,IVVB,MAYP,BDVG,FYEE,FTLS,XMHQ,HFND,SPYA,BKDV,QGRD,MSFY,ASCE,IBUF,XBOC,GRIN,EQL,ABEQ,IDHQ,IJS,IVOG,SHE,VIOO,SWAN,JHAC,ISCV,PBFR,QIDX,QUS,FSMD,PBJA,NVIR,PTNQ,EPIN,DADS,DIVO,NUSC,TIER,GJUN,RDIV,JANW,LEMB,VIOV,HDMV,PBOC,RFG,EJAN,AAUS,AVMC,QAT,FMAR,BUFS,MARW,FTGC,EDOW,TRUD,GBXC,FOXY,AWAY,QLV,COIO,FTDS,DFAT,MDYG,SLYV,SPXM,PBMR,IJK,OCTW,SSPY,DFUV,IXC,BIDD,KJUL,FSGS,PCEM,SPBX,BSMC,DSMC,XJUL,AVMV,UXJL,FEBW,PMAY,DJUN,DHDG,XMAY,NVBW,RNIN,SVIX,BITY,ISMD,IWX,RWX,IAPR,ISWN,GPIX,DVYE,GTR,TBFG,EQAL,AQWA,DFSV,VONV,GINX,NFRA,IWD,XDIV,IYT,IWS,PSCM,BGIG,NULV,XC,PBFB,DFLV,HELX,JSTC,XDEC,KAPR,TVAL,RSPF,VTV,THD,FBT,TPZ,ELCV,MAGA,EWA,JMEE,RPAR,GVUS,PLTY,EZM,EQTY,EMLP,FDHT,FLQS,IJR,JAVA,XOCT,SPBW,NDVG,IDNA,TPYP,KNGZ,SPSM,FHDG,XMAR,EWUS,XJAN,SPUT,XFEB,PBMY,GABF,EUSA,VFQY,XSVM,XNOV,SXQG,BAPR,QQQI,FDLO,CBLS,TDVG,GFGF,MEDI,FILL,AAAA,DBEU,BAFE,MAYW,HTEC,IYJ,NRSH,IGRO,BUG,FTA,SIXA,GNOM,FYT,DIVD,PSET,DDIV,JDVL,BOAT,MGV,EBUF,SVAL,SIZE,ASGM,GXPD,FMCE,BULU,STNC,XRLX,QVMM,FV,BIGY,GMOV,ACVT,KVLE,XAUG,IJT,RSPE,DMAR,QVMS,YDEC,KDEC,UGA,VBR,HEQT,POWA,EVX,GMAR,USAF,CLOU,SLYG,THLV,BALI,QCMU,AUSF,PFUT,MVV,IEZ,AOM,CVAR,DIVL,GDIV,NAPR,EDOG,IMCV,PBL,JHSC,OTGL,SURE,DIVB,ZALT,SPHQ,EAOM,VOE,CTWO,BUFT,QLVD,CMDY,APRT,RDVI,IVE,QQQH,SPYV,YCS,QQQA,EGGY,JEPQ,CVMC,GRPZ,VIOG,GVLU,BCUS,SPCZ,SIXD,OZEM,CALF,RSP,BUSA,BILD,FAB,IUSV,PRCS,RSPG,IJH,XJR,CAPE,SHUS,EVUS,OEUR,FLDZ,CPNJ,BVAL,GSG,PALC,DUKQ,NUMG,IQDG,UMAY,MIDE,FXF,VOOV,FLV,MDY,SIXZ,APRP,UPGD,OVS,SPMD,IVOO,ACTV,WPAY,XSEP,KLXY,PJBF,YLDE,DVY,IEDI,EINC,ISMF,LYLD,ROMO,IRTR,GSC,HELO,UJB,FLSW,ICAP,IYM,XJH,IBND,IQSM,MAXJ,PRAY,BFRZ,DBB,STXV,EFAA,DEM,MEDX,IHAK,DCMT,PBE,EWL,SMAX,FFLV,ELD,HKND,RSDE,IVOV,EIPX,BOUT,AHLT,PY,TFPN,SPDV,CPSA,PCY,FTBI,CPNS,TBLU,BCD,PAMC,USSE,IAUI,ZAUG,PSFM,BAMO,DEUS,EELV,RSSY,FXE,EVMT,ABCS,MOAT,MNA,PSMR,MVAL,JUNM,PTLC,ZJUL,FAPR,TJAN,XHB,CMDT,SCDV,DPST,CPSJ,XLYI,PSCF,DEFR,BASV,QAI,MAGY,QQXL,CBOA,PAPR,EWM,FDAT,ALIL,SQLV,TXSS,QCAP,HFMF,ENFR,FBCV,GXPE,CPSD,AJUL,BCI,RIFR,TPLC,CPRY,AAPR,XV,JPUS,PCGG,BMED,GHTA,FEMB,DNL,FARX,KAUG,ITB,SMOT,EUDG,CPST,ASET,TPLE,CPNQ,SQMX,SMAY,FMF,AOK,GBXB,VDE,CFA,RSMR,CFO,FENY,AMAX,MVLL,UMI,OSCV,PJFM,COMT,ZSEP,HIYY,ZDEK,MIDU,EAOK,TPHD,GQI,SIXO,UAPR,RSSE,IYLD,PFI,MLPX,FNK,TDAQ,COMB,FIW,MBSX,WTIP,ISHG,BFJL,VFMV,CEFZ,FXR,KONG,AUGM,EDIV,JULM,DMAX,MFSV,OSEA,EEMV,IYE,XUDV,OCTM,TIIV,DHS,PSCW,IJJ,KBWR,JAJL,TEQI,PBAP,HEAL,QVAL,APRW,PWS,MDYV,DRLL,TDSB,SPMV,CPSM,SHEH,OUSA,GSX,UMDD,XHS,TJUL,CAFG,CVY,CEGX,ZNOV,RSJN,CPSN,ZOCT,JEMB,DIVG,JPME,CPRA,XLE,CPSL,EMB,SELV,NOVM,PIO,SEPM,ASEA,KJUN,SEMG,CPSO,EIRL,XOP,TBFC,FXN,SPIN,OIH,AOCT,GAPR,HTUS,DVAL,WOMN,DDTL,PHO,RSBA,CPNM,DUKX,IHE,XSHQ,KNOW,CEW,TAPR,GEOA,UDI,USMF,ZJAN,TSPY,HDV,BMAX,ROPE,MRGR,IEO,FTHI,IDYN,CBOJ,TOLZ,MARM,DECM,IGTR,TMED,NVDB,NMB,SPDG,ISPY,SPYI,XLCI,MAMB,CPSY,BALT,CTIF,ELIS,FXZ,MBOX,SIXS,RULE,NIXT,EMLC,HOLD,GAEM,XLKI,ECML,CPRJ,BAGY,ZFEB,MBCC,PMFB,JFLI,XTN,DAPR,WCLD,REGL,WDGF,MVPA,PTIN,DHSB,ZMAR,CGVV,BUFC,AGNG,CPSF,AJAN,PINK,RSMC,JOYT,QUVU,IHY,GMMA,CPSR,CEFS,DIG,JANM,JPMB,VWOB,IVRA,DJD,ERX,XES,IHDG,IGOV,PXE,EMHC,DBMF,INCE,CBTY,TOT,GYLD,SCOW,MDLV,DBC,FEBM,ESIX,DGLO,TPOR,ITWO,FTQI,JOJO,MVFD,DBA,BEEZ,QABA,UDN,DSTL,TGLB,QBUL,DIVN,QLTI,IBHL,HDG,CMCI,IWMI,MOO,VALQ,ACWV,BUFX,VTEL,SPCX,INCM,MMAX,IBMT,FLQM,ARB,DSCF,EFAD,VEGI,EMHY,PSP,DGCB,EBND,BNO,NVDO,FMUB,KNRG,VSTL,SDOG,QQXT,JGRW,SMOM,CDC,BOXA,CPSP,ZAPR,BASG,CDL,APXM,SBAR,FB,SRHQ,VIGI,HNDL,PICB,FLAO,CNQQ,MUNY,XEMD,FTAG,FTCS,LGLV,FCEF,BWZ,DDFL,SHPP,PSTR,ERET,FMUN,LVDS,VEMY,BNDY,FLXN,TRND,FALN,GDFN,SCAP,DFGP,BSR,KAT,CCEF,BAMY,MPRO,INKM,NBET,CSPF,HOMZ,SMMV,DON,EXUS,HOLA,SDVD,FDV,RSBT,FFUT,EMBD,GEMD,QMOM,GKAT,IGCB,LQDI,PCEF,FMAT,CBXY,ZTOP,SMLV,FTXH,BLTD,BSCZ,SHPD,VAW,SEPI,ONEV,BEMB,GHYG,ZMAY,AIVL,FPE,TLCI,BILT,SYSB,IBIK,INVG,IGIB,TPHE,PFXF,BCIL,FPEI,IBIG,WTPI,GXIG,IBIH,TOAK,CZA,NBOS,IBII,XLFI,IBIL,LSAT,RB,QTPI,VTIP,WBIL,ONEY,TYA,BOXX,DIAL,IBIJ,VRAI,PMJN,USAI,KHPI,FSCS,QBSF,DBE,PHDG,VCIT,OWNS,MLPD,PQDI,EMTL,CTA,XMLV,LLYZ,FVD,ABLG,SPSK,CEMB,JHPI,DRSK,NPFI,DFSB,ZJUN,JHCP,SPC,USMV,MAYM,MUND,VGMS,XOEF,TCV,FDL,DIVS,IPAY,BUFH,XTR,CSB,ANGL,AMZZ,AVGW,VTP,TOLL,BBBI,SCHI,JCPI,IBDZ,PDBC,FIXT,BNDS,IBIF,NFLP,MYCK,IVOL,MILK,EQIN,PSL,APOC,JEDI,OUSM,IBDX,IBIE,IBDY,GHMS,BAB,IBMS,UST,LVHD,BRHY,DESK,SCCR,DGRS,QQQT,HYG,WBIY,BFIX,COWZ,LQD,HYEM,FXH,JHCR,SPMB,HYFI,IGHG,FSYD,GTOC,DDTS,INTM,REET,SMBS,MUNC,TIPC,SCLZ,CAMX,PRFD,CAOS,AINP,AIOO,SYLD,IBTQ,CPER,BENJ,IMTB,HYUP,IBDW,BIV,MFSB,TCPB,VSDM,QHY,WEEL,FLHY,USIG,PREF,TIPX,BBH,ZTEN,SIO,PFFR,LQDB,BSCW,BSCY,AHYB,DVOL,VSDA,JNK,IGLB,GHYB,AFIF,GQRE,FLCO,IGEB,VMBS,PRIV,USML,BSCX,AVGB,HFSI,FPFD,SPIB,STPZ,MFUL,SUSC,USHY,GIGL,GPRF,IGBH,AFIX,PYLD,NBTR,GMUN,EVTR,MBB,TIP,RWO,HYLB,DFGX,USO,NUDV,EIPI,SBND,DABS,MYCJ,SKOR,FSEC,RUNN,BSCV,PGX,SRVR,KBWP,VTC,TLTX,GMUB,ITM,PMAU,VCEB,CORP,FOPC,JPIB,FIIG,BBBL,JMTG,SIHY,SCHP,MIG,TDTF,IBDV,PFFA,PCL,APMU,XBB,IBHK,SMAP,HYBB,BYLD,BDBT,JULH,BUYW,TBG,BMVP,DES,PBTP,KORP,XHYH,QLTA,WCPB,SPFF,SPLB,MBBB,SHYD,VCRM,SIXH,JANH,SIFI,VTG,EMCB,SPBO,NEMD,LKOR,XCLR,LQIG,GIGB,VIXM,NUHY,LDRI,PSCE,CMBS,PHYL,AVIG,BSJX,SCEC,SDY,FLXR,DDFS,BGRN,IBHJ,NFLT,JHCB,NBFC,QALT,BSJW,AGGA,PDBA,BBCB,NJNK,IBMR,AVIE,VPLS,PFIG,SCYB,VCLT,EVIM,XHYT,FXB,PHB,JIII,FTXN,FEIG,MMSD,IG,GBND,DMBS,UCON,YFFI,FTBD,TDSC,NDIV,HYS,IBID,LGOV,RNEM,HYSA,VSDB,HISF,WIP,IBHI,NUAG,MYCI,DFIP,INMU,AGG,KROP,AOHY,HYSD,TMB,PMBS,TXXI,SPIP,BND,PHYD,IUSB,GNMA,FRIZ,SYFI,PFF,EVSD,SPHY,HYZD,SPAB,NEWZ,GRNB,IEF,PAB,EUSB,GVI,DFCF,VCRB,PSQO,ZIG,JPSV,XCCC,MMCA,HYXF,STIP,JPHY,IBDU,FTCB,IBHH,VGVT,SCHZ,IGSB,LDRT,FCOR,JBND,BKHY,MUSI,RSPA,BULG,BOND,PMIO,TPLS,TAXE,FXA,TYD,IEI,MGOV,MBSD,APLU,FPAS,APRH,HYDB,VRP,DMX,EAGG,IBGB,SMB,BSCU,WTBN,FCBD,MTGP,VCSH,BHYB,FDHY,SPTI,LDRC,FDFF,XLUI,IBD,SUSB,JULJ,LMBS,NUBD,AGGY,PTRB,IBTP,FTIF,CPLS,IHYF,MFSM,BINC,IBTO,VGIT,TUR,JMBS,OCTD,TAXM,IBTL,HRTS,TDTT,DFSD,VTES,FTRB,SCHJ,EKG,BNDC,GCOR,EPRF,FLCB,IBTM,SLQD,GBF,CBOY,UITB,HYLS,JANJ,MUST,JHHY,BKAG,JCPB,FXED,BWX,MUNB,BLDG,EVSM,DUKZ,COM,SHYG,MYCH,XLEI,HIYS,LODI,AZNH,XHYD,SCHR,VTEI,FIXD,STAX,GENM,HYDW,UBND,IBIC,GCAL,ESMV,BBHY,IBTK,BBBS,BAMB,USIN,IPB,MTRA,MUNI,TAXF,XMPT,BSJU,PCRB,OCTH,EVHY,QIG,XFIV,BRTR,SCIO,OBND,PCHI,CLCV,JHMB,GTIP,XHYF,IBMQ,ISTB,BKCI,GSIG,IIGD,XSVN,USVN,FLMI,TOTL,BSCT,HYGV,RAUS,ILTB,CATF,MNBD,SJNK,APRJ,MINN,TIPZ,CFIT,AGGS,RFCI,DUNK,AVSF,IBDT,BITK,CSRE,HYGH,THY,VGSR,BBAG,FSBD,SHYL,EVMO,CGHY,VBND,NYF,APCB,ICPY,BSJV,FHYS,ZTRE,MINO,MBS,PCI,CGSM,SHM,FBND,MLDR,HUSV,MARB,SNPD,VTEC,RTRE,LDSF,DEED,IBHF,IBTJ,THYF,UFIV,BSMU,BSV,JSCP,GTO,FSIG,DFGR,BLUI,BBIB,SMIG,HYBL,LDRH,SMTH,JPLD,OCTJ,CGCB,IAGG,UNIY,BSMT,LQDH,VOYX,DBND,JLQD,FISR,CGMU,SEA,FSMB,PMSE,SMMU,OCTQ,XLVI,NCPB,UTEN,CLOB,SUB,ALTY,LSEQ,MMIT,HYHG,NUSA,TAXX,AGZ,QSIG,RDFI,TIPB,GOVT,HTRB,VSHY,CGMS,HCRB,XHYI,OVB,OILT,BSJR,NEAR,BLST,FICS,HBDC,PGF,FLUD,NUMI,CPLB,PUSH,SRET,CAFX,MYCG,TAIL,XIJN,BSJS,MYMJ,TAGG,CAAA,KMLI,TAFI,LJAN,TMFG,BSJT,PFFD,HMOP,JPIE,FLTB,BSCS,OACP,SMLL,CMF,KHYB,VTEB,XB,IBMP,PSK,SDSI,IBDS,XTRE,IBTI,SDFI,HIDE,LMUB,EMDV,BITC,XHYE,CDIG,CGCP,CA,HYBX,BNDW,LAPR,MCSE,LJUL,FLGV,HYRM,JMUB,FCSH,CARY,PSDM,SPSB,MUB,XTEN,USTB,BSMV,IRVH,EUDV,BLV,FEPI,STBF,AGRH,XIDE,FIGB,UTRE,FFIU,TFI,SSFI,FRI,SHAG,YLD,FLMB,GENT,XHYC,TAFM,EVSB,SCMB,TNGY,IQHI,BSMS,JMSI,DURA,ACLO,BCLO,CALI,QLDY,BNDI,MEAR,RTAI,WABF,VNLA,OVT,TOTR,XIMR,ADFI,AMID,CGHM,SGVT,VGUS,SECR,DCRE,GUMI,JRE,PSH,MSTI,DFND,EVYM,MYCF,USRT,VBIL,MAGG,CGSD,IBHG,DFNM,BSMY,IBIB,JMHI,IYR,PSQA,SPLV,AGZD,SPTB,AAA,LDUR,TIPA,FTSD,IBDR,VUSB,XLBI,LQTI,SHY,JABS,HOCT,PAAA,TAFL,KIE,SPTS,BSCR,IBTH,HYTR,FLTR,VGSH,FMED,GSST,SCHO,STOT,GPTY,QYLG,BBSB,MMIN,TRSY,DYLD,KCSH,USSH,MUNA,XRLV,AUSM,BSMW,MYMI,RAAA,BSJQ,MLN,PIPE,IBMO,IBDQ,PCS,XPAY,JMST,CLOA,MMID,FCG,IAK,BSMR,LABX,RAVI,TUSB,JPST,SLDR,IBMN,OBIL,MYMF,PMMF,CLOI,ICSH,LOCT,ULST,SCUS,UYLD,GTOS,FLOT,MHY,CVSB,RIGS,PGHY,FVC,FTSM,BKUI,UTWO,NCLO,FLRN,JETU,CGUI,LONZ,BSCQ,FUSI,WDAF,PULS,NBSD,GMNY,MDPL,SRLN,GMMF,TBUX,ILS,IBTG,CHRI,XTWO,EDGF,MANI,TYLD,FMB,TLH,SGOV,PVI,BILS,MYMH,XLII,XHLF,SHV,PCMM,BIL,ARCM,PULT,JAAA,AVMU,EMNT,HF,FREL,YEAR,TBJL,GSY,GBIL,AVRE,URSP,XBIL,MTBA,MINT,DFCA,PIFI,FMNY,PRSD,MFLX,IBTF,OGSP,BSMQ,BSMP,BILZ,CLIP,BAMV,TBIL,TFLO,FLIA,IBHE,DUSB,GOVI,VGHY,FLDB,BBRE,TBF,FSLD,BSCP,REZ,BNDX,FUMB,MYMG,TBLL,TFLR,BRLN,TMFS,SBIL,MBND,CWS,HYTI,STXT,GUSH,PZA,XONE,FLDR,JHMU,GGOV,FCAL,BSSX,BSJP,DYFI,BKLN,LIFT,WEEK,MMKT,OOSP,VRIG,TFJL,BCKT,MKTN,CSHI,GGM,BAMU,RWR,RISR,USFR,CLOX,DLAG,NSCI,BDYN,GQGU,ICLO,BSMZ,FCTE,SDCP,PCLO,NHYB,OVM,IBGA,MBSF,HSMV,XISE,FXC,SIXL,HTAB,RBIL,NOBL,PZT,HTAX,USDX,TUSI,IYRI,KDRN,QDIV,PTMC,TSEC,EVLN,SYZ,XLRE,RW,XFLX,VABS,JSI,BUXX,CGIB,JPMO,FLRT,SOFR,CLOZ,LLDR,ANEL,TRPA,FTSL,CBON,MCOW,TMV,JHLN,SPHD,PFRL,ACEI,ACKY,CEFD,VNQ,SLNZ,OPER,SPTL,WBIG,RVNU,NHYM,VETZ,PWZ,SPYD,BTR,SOYB,ACII,CSHP,QBER,RMIF,XLB,SEIX,BDVL,IROC,HYP,HYBI,KSA,VGLT,DIVE,MBNE,FMHI,AGGH,SCHQ,OARK,ENZL,RMNY,ODHY,NAIL,FLBL,GXLC,NBSM,TBT,CVRD,TUA,XLRI,LIAM,HYD,SOVF,CPII,NRGU,DYTA,NIHI,CDX,USDU,WCAP,NXUS,FXY,DIVY,HIMU,YYY,RMOP,BCIM,FIXP,QUIZ,UTWY,HCOW,SPYT,MDST,RMCA,YFYA,KXI,AREA,REK,FLSA,SCHH,LTPZ,PSR,MDIV,PFFV,DFAR,DBO,TLT,YSPY,JBBB,CCSB,USL,PAPI,AAPY,RINF,HIGH,AMZU,SHYM,DUKH,WTIU,REM,SCDL,TLTI,KMID,ASMF,HYMB,DYLG,ICF,MJSC,PUTD,PTBD,SMDV,UUP,GIND,IBGK,JEPI,RSPR,XYLG,BCCC,ASTX,TMDV,SCHD,SYNB,BYRE,PLYY,RITA,UTHY,ABXB,KCCA,INCO,PCR,AMJB,WEEI,RYLG,RYSE,PEY,BUCK,RDYY,LQPE,TBX,JPRE,PBP,KLIP,XSLV,EDV,XTWY,RNTY,RORO,INDH,IGGY,FDIV,THNR,ITOL,LTTI,BBLB,QYLD,IOPP,IHI,JUCY,OMAH,GXPS,AMZP,KMLM,DTRE,IVVW,NETL,LFDR,QUSA,INDE,DJIA,FPRO,CCOR,QDTY,BAMD,PCIG,INDS,IYK,PCFI,MORT,MLPA,CORN,TTT,MFUT,REIT,FHLC,PFLD,BITO,VHT,PFIX,DOGG,PAWZ,TSMY,TIME,BRKU,IWMW,VDC,OILK,LBAY,SUPL,XYLD,BRKD,TLTW,FSTA,XLSI,TCAL,ABLD,PST,OILU,FIRI,MSFO,TYO,RYLD,VNIE,YBTC,LDDR,SPRE,SMN,SDTY,PPH,URE,RSPM,SRS,LIAE,INQQ,GIAX,UBT,DIV,AMLP,HYGW,DIVP,CRED,CRWU,ZTAX,PPTY,AAPW,SJB,CORD,FTKI,KNG,EIDO,ZROZ,LFBE,IXJ,AMYY,NFTY,BKNU,EDEN,LIAU,PSCH,BRKC,PBJ,FIAX,DWSH,IHF,PLOO,IYH,TLTP,GOVZ,GDOC,LQDW,RSPH,TSLY,EATZ,XLP,RDOG,CRDT,RIET,XLV,HDGE,YCL,FXG,XRMI,ARMU,LGHT,CEPI,RSBY,TILL,QRMI,SCO,INDY,UYM,WOOD,QDTE,INDA,FLIN,MLPR,BNDD,FBDC,PEX,SURI,LBO,CVNY,HIPS,MDEV,SMIN,RSPS,FIVY,TAGS,YMAG,EPI,CSCL,IRET,IMF,SHRT,BRKW,XSHD,WZRD,ERNZ,AMDU,MYY,AMZA,DRV,MTYY,USE,COII,EUO,XDTE,NDIA,DOG,TMF,AIPI,AWEG,LIBD,LFAO,HYIN,EPHE,UCO,SZNE,KBWD,XRPR,TMFM,HAUS,RDTY,PBDC,SBB,DRN,NVYY,SVOL,MVRL,PIN,METW,GLDY,CUT,NOWL,DRAY,GLIN,AZYY,COIW,DGIN,XHE,COTG,MSFW,UNL,SEF,SAPH,LFAI,BIZD,NFLY,GRW,NURE,KBWY,WDTE,AMZW,FTXG,ARGT,PSCC,LCDL,CPXR,ETCO,EMTY,AMZD,CANE,FBY,SNOY,CRCD,APLY,GMEU,EFZ,SPDN,NVDY,TQQY,SH,SHPU,RDTE,AXUP,QQQY,UGE,VPC,THTA,RWM,RXL,YBIT,BTCC,CRMG,AMDW,UNX,MZZ,LFGY,XOMO,DXD,FEAT,YMAX,EUM,DKUP,DUG,SLTY,ERY,INDL,PSQ,BOED,MSFD,QUBX,DKNX,MSOO,AAPD,ENPX,DVDN,AMDY,SDD,DISO,ARMG,DOJE,IGME,YETH,BDCX,BTAL,ETHI,RFIX,NFXS,SMU,IWMY,QIS,SMCL,AMZY,SDP,SKF,NFLW,METD,YXI,CWVX,CURE,AALG,EPV,SIJ,PXIU,EFU,DRIP,VIXI,ETRL,UNG,YQQQ,WXET,CXRN,MSII,ADBG,SDS,QQQD,SDOW,BIS,UXRP,SMDD,XBTY,WHTX,CRDU,IMRA,SKRE,ZVOL,BITI,EWV,ULTY,TWM,CORX,SMCX,ABNY,PYPY,SCC,EEV,XYZY,NVOH,COYY,ELIL,QID,MARO,OILD,IMST,QQDN,AFRU,BZQ,VIXY,REKT,CONY,TSMZ,GGLS,ARCX,LLYX,WTID,SPXU,WNTR,USOY,ICOI,AMDD,NRGD,CRCA,SARK,REW,MSTX,GLL,TZA,JETD,FXP,CRWG,MSTP,SRTY,MSTW,AVS,MSTY,TSYY,SMCY,CRCG,CCUP,UPSX,WEBS,TSLS,SQQQ,DIPS,AIBD,FLYD,DJTU,BNKD,SMST,MUD,BOIL,MSTZ,SBIT,NVDS,TECS,YANG,UVXY,ZSL,QDWN,PLTD,SSG,HIBS,MST,SMUP,SETH,PLTZ,NVD,SOXS,CONI,UVIX,DUST,TSLQ,TSDD,SPXS,BMNU,NVDD,FAZ,IBCA"
61,Credit Services,Financial Services,51,64,67,67,"ATLCP,V,MA,AXP,COF,PYPL,SOFI,SYF,ALLY,FCFS,OMF,SLM,UPST,CACC,SLMBP,NNI,QFIN,ENVA,SEZL,BFH,WU,FINV,AGM,NAVI,EZPW,JCAP,OPFI,ECPG,WRLD,ATLC,LX,GDOT,PRAA,XYF,YRD,RM,ANTA,OPRT,FOA,MFIN,CPSS,PMTS,OMCC"
62,Software - Infrastructure,Technology,51,51,62,49,"MSFT,ORCL,PLTR,PANW,CRWD,NET,CRWV,ZS,XYZ,VRSN,MDB,AFRM,CYBR,NTAP,NTNX,FFIV,RBRK,TWLO,NTSK,DBX,INFA,VRNS,ACIW,CORZ,STNE,ZETA,CLBT,DLO,CALX,PAY,ODD,DOCN,PAGS,PGY,MQ,AVDX,EVCM,NN,CSGS,NTCT,NYAX,RZLV,RDWR,GCT,YEXT,IIIV,AEVA,CTLP,XNET,CCSI,BLZE,ARQQ,BAND,TLS,ALLT,GRRR,BKKT,ATGL,PDYN,PAYS,AISP,ALAR,VHC,KPLT,TAOX,STRC,SNPS,FTNT,CHKP,TOST,IOT,CPAY,GDDY,GEN,OKTA,KSPI,KLAR,SAIL,AKAM,WIX,KVYO,BLSH,DOX,GTLB,FOUR,CFLT,PATH,S,WEX,QLYS,BOX,OS,TENB,EEFT,RELY,AVPT,AI,PAYO,APPN,EVTC,TDC,FIVN,RAMP,PRGS,FLYW,ATEN,VRNT,EXOD,AIOT,OSPN,CGNT,RPAY,IMXI,TCX,JG,CORZW,SUPX,RPD,PSFE,CINT,PRTH,DAVA,DFDV,CHOW,SANG,MLGO,FATN,SNCR,CETX,NNAVW,CORZZ"
63,Oil & Gas Midstream,Energy,50,50,39,50,"ENB,WMB,IMPPP,EPD,KMI,ET,TRP,LNG,MPLX,OKE,TRGP,VG,CQP,PBA,WES,VNOM,PAA,DTM,AM,HESM,SOBO,FRO,PAGP,GLNG,STNG,EE,CMBT,KNTK,INSW,GEL,TRMD,DHT,TNK,GLP,FLNG,LPG,SBR,NVGS,PBT,NGL,TK,TEN,CLCO,KNOP,SMC,TOPS"
64,Apparel Retail,Consumer Cyclical,49,43,36,24,"TJX,ROST,LULU,BURL,GAP,URBN,BOOT,ANF,BKE,AEO,VSCO,CRI,GES,SCVL,CAL,LE,ZUMZ,GCO,JILL,CTRN,AKA,BIRD,DBGI"
65,Broadcasting,Communication Services,49,50,44,39,"NXST,TGNA,NMAX,SBGI,GTN,CURI,SGA,BBGI"
66,Confectioners,Consumer Defensive,48,50,49,72,"MDLZ,HSY,TR"
67,Lodging,Consumer Cyclical,48,57,51,40,"MAR,HLT,IHG,H,HTHT,WH,ATAT,CHH,SHCO,CVEO,INTG"
68,Resorts & Casinos,Consumer Cyclical,48,58,59,21,"LVS,WYNN,MGM,BYD,RRR,CZR,MTN,MLCO,HGV,PENN,VAC,MCRI,GDEN,BALY,CPHC"
69,Residential Construction,Consumer Cyclical,47,60,24,34,"DHI,LEN,PHM,NVR,TOL,IBP,TMHC,MTH,CVCO,SKY,KBH,MHO,GRBK,TPH,DFH,LGIH,BZH,HOV,LEGH"
70,Health Information Services,Healthcare,47,46,59,55,"BTSGU,HNGE,CCLDO,VEEV,LFMDP,GEHC,DOCS,TEM,HQY,WAY,BTSG,PRVA,HTFL,PINC,CERT,SDGR,TDOC,PHR,TXG,OMCL,OMDA,EVH,CTEV,HSTM,PHLT,WEAV,OPRX,CARL,SPOK,LFMD,TBRG,SLP,NRC,AMWL,DRIO,ACON"
71,Banks - Regional,Financial Services,47,55,65,63,"MFG,NU,ITUB,DB,NWG,BSBR,KB,SHG,RF,CFG,BAP,BCH,EWBC,WF,CIB,BSAC,FHN,WBS,CMA,ONB,BPOP,CADE,VLY,OZK,HWC,ABCB,AUB,AX,IFS,INTR,TBBK,FBK,BANC,TRMK,CUBI,FBNC,NIC,LC,VBTX,CCB,BLX,BFC,NBN,ESQ,MCB,HTB,THFF,NPB,HONE,GBFH,GNTY,TCBX,UNTY,BWB,RRBI,HBCP,SFST,BWFG,PDLB,MVBF,AVBH,FINW,ISBA,WNEB,FUNC,ISTR,FSFG,CBNA,FCCO,FRAF,EFSI,ATLO,OVBC,MRBK,CBFV,MNSB,FCAP,SRBK,BSBK,MGYR,LSBK,AUBN,CFSB,IROQ,SSBI,FDSB,CPBI,MBBC,SHFS,UMBFO,PNC,FITB,HBAN,KEY,UMBF,WTFC,ZION,FNB,FLG,ASB,BANF,TCBI,EBC,FBP,INDB,SBCF,STEL,HAFC,CCBG,TRST,FSBC,SPFI,SMBK,SHBI,CARE,BSVN,BMRC,PBFS,BCML,WSBF,COSO,TSBK,CHMG,FVCB,MYFW,HWBK,FXNC,PEBK,CZWI,LARK,FNWD,RBKB,BOTJ,CLST,FSEA,WTFCN,CNOBP,USB,TFC,MTB,WAL,BOKF,GBCI,IBOC,FIBK,FULTP,UCB,RNST,CATY,MCHB,BKU,PFS,EFSC,LOB,TCBK,DCOM,CNOB,PFBC,CTBI,TMP,CFFN,CPF,HBT,ALRS,BCAL,CBNK,NRIM,FFIC,FBIZ,VBNK,FRBA,CWBC,CBAN,PKBK,OVLY,PVBC,OPBK,HNVR,EBMT,RMBI,BYFC,EFSCP,FCF,MSBIP,OZKAP,RBCAA,PNFPP,SSB,HBANP,TFSL,VLYPP,QCRH,FSUN,MBCN,PROV,VLYPN,HBANM,FCNCP,BUSEP,CHCO,BY,UVSP,MBNKO,OFG,HFWA,HBNC,CCNE,GSBC,ORRF,HIFS,FISI,AROW,ACNB,AVBC,FNLC,PCB,JMSB,FBLA,NKSH,BVFL,CFBK,ECBK,WSBK,TCBS,TECTP,TCBIO,HBANL,MBINN,CCNEP,FRMEP,COLB,DCOMP,FITBI,UBSI,VLYPO,ONBPO,ONBPP,WAFDP,CFR,CBU,FFBC,WSBCP,IBN,HOMB,NEWTP,FITBP,HDB,SNV,FHB,BUSE,MBINM,FITBO,FCNCO,CVBF,PRK,WAFD,CLBK,NBHC,WABC,FGBIP,ZIONP,MBINL,FCNCA,CBSH,PNFP,PB,GGAL,FFIN,SFBS,FULT,WSBC,BMA,WSFS,SFNC,TOWN,BOH,BANR,NBTB,FRME,SYBT,BBAR,BBT,NWBI,CASH,LKFN,SRCE,GABC,MBIN,STBA,HOPE,TFIN,OBK,PEBO,OCFC,BHRB,FMBH,OSBC,SBSI,AMAL,AMTB,EQBK,MBWM,MCBS,NBBK,BFST,MPB,CAC,IBCP,FCBC,EGBN,HTBK,SMBC,MOFG,WASH,FMNB,SUPV,BHB,NFBK,PGC,PFIS,FFWM,COFS,KRNY,BSRR,CIVB,GCBC,MSBI,FMAO,USCB,WTBA,OBT,NEWT,RBB,CZNC,FSBW,PLBC,CZFS,LNKB,FRST,NECB,FDBC,NWFL,CFFI,LCNB,BPRN,VABK,INBK,BLFY,UBFO,BFIN,BCBP,SBFG,AFBI,FGBI,UNB,RVSB,SFBC,PBHC,UBCP,FUSB,FNWB,NSTS,BAFN"
72,Apparel Manufacturing,Consumer Cyclical,46,40,37,22,"RL,LEVI,GIL,VFC,KTB,PVH,COLM,ZGN,HBI,UAA,GOOS,GIII,FIGS,OXM,SGC,PLCE,LAKE,JL"
73,Real Estate - Development,Real Estate,46,43,32,44,"HHH,VTMX,CCS,FOR,SDHC,FPH,SKYH,OZ,AXR,JFB"
74,Telecom Services,Communication Services,46,52,53,60,"TMUS,T,LBRDP,VZ,CMCSA,AMX,CHTR,CHT,TEF,VOD,TU,BCE,SATS,VIV,RCI,TLK,TIMB,KT,FYBR,LBRDA,LBRDK,SKM,TIGO,LUMN,TKC,GSAT,TDS,AD,VEON,PHI,LBTYA,LBTYB,LBTYK,TEO,KYIV,CCOI,IRDM,LILAK,LILA,IDT,GOGO,GLIBK,GLIBA,SIFY,CABO,SHEN,WOW,ATEX,ATNI,RDCM,CXDO,KVHI,IQST"
75,Oil & Gas Integrated,Energy,46,56,40,42,"XOM,CVX,SHEL,TTE,BP,PBR,EQNR,E,SU,IMO,CVE,EC,YPF,NFG,TGS,CRGY,DEC"
76,Recreational Vehicles,Consumer Cyclical,46,54,37,12,"THO,DOOO,BC,HOG,PII,LCII,WGO,MBUU,MCFT,MPX"
77,Gambling,Consumer Cyclical,46,56,66,43,"FLUT,DKNG,LNW,CHDN,SGHC,RSI,SBET,BRSL,ACEL,CDRO,GAMB,INSE"
78,Medical Care Facilities,Healthcare,45,40,36,49,"HCA,THC,FMS,UHS,EHC,ENSG,DVA,CHE,OPCH,SGRY,CON,ACHC,ADUS,PACS,LFST,BKD,PIII,NHC,ARDT,AVAH,GRDN,SEM,MD,ASTH,USPH,HCSG,PNTG,AMN,NUTX,CMPS,SNDA,AUNA,AIRS,CCRN,EHAB,JYNT"
79,Building Materials,Basic Materials,45,51,51,46,"CRH,VMC,MLM,AMRZ,CX,JHX,EXP,KNF,USLM,TGLS,TTAM,LOMA,CPAC,SMID"
80,Diagnostics & Research,Healthcare,45,50,39,37,"TMO,DHR,IDXX,A,IQV,MTD,LH,NTRA,DGX,WAT,ILMN,MEDP,ICLR,EXAS,RVTY,QGEN,GH,CRL,RDNT,SHC,WGS,VCYT,GRAL,TWST,NEOG,NEO,CDNA,FLGT,MYGN,CSTL,PSNL,XGN,PRE,BNR,FONR,BDSX,PRPO,APDN,NDRA"
81,Insurance - Property & Casualty,Financial Services,45,41,52,76,"SIGIP,PGR,CB,TRV,ALL,HIG,WRB,CINF,MKL,L,CNA,AFG,AIZ,ORI,KNSL,THG,RLI,SIGI,MCY,WTM,LMND,HGTY,AHL,KMPR,PLMR,HCI,STC,SKWD,TRUP,SLDE,HMN,ROOT,PRA,SAFT,BOW,ASIC,HIPO,UFCS,HRTG,UVE,DGICA,DGICB,ACIC,AII,GBLI,NODK,KINS"
82,Discount Stores,Consumer Defensive,45,48,65,64,"WMT,COST,TGT,DG,DLTR,BJ,OLLI,PSMT,TBBB"
83,Real Estate - Diversified,Real Estate,44,30,34,26,"JOE,STRS"
84,Specialty Business Services,Industrials,44,42,48,41,"RELX,CTAS,TRI,CPRT,GPN,RBA,ULS,RTO,ARMK,DLB,AMTM,MMS,AZZ,UNF,CBZ,TIC,ABM,FA,LZ,CMPR,BV,TH,BKSY,TRNS,RHLD,CASS,KODK,ANPA,SPIR,THH,QUAD,BUUU,DLHC,TISI,SST,WFCF,PC"
85,Software - Application,Technology,44,44,59,44,"SAP,UBER,SHOP,CDNS,MSTR,SNOW,GRAB,U,PEGA,OTEX,LYFT,IDCC,SRAD,LIF,SOUN,FROG,KC,BTDR,NATL,DAVE,SPNS,KARO,PRCH,VMEO,YALA,WYFI,RDVT,DOMO,APPS,CRNC,LAW,AZ,OCFT,EGAN,CCRD,DUOT,IDN,NTWK,MFI,BLBX,STRF,CRM,NOW,INTU,ADP,WDAY,STRK,ADBE,ADSK,ROP,DDOG,PAYX,TEAM,FICO,HUBS,FIG,ZM,PTC,TYL,SSNC,GWRE,DOCU,BSY,DUOL,DT,YMM,MANH,PAYC,PCOR,DAY,MNDY,APPF,TTAN,NICE,ESTC,PCTY,CVLT,DSGX,CHYM,BULL,CCCS,CWAN,BILL,YOU,WK,QTWO,VERX,SPSC,VIA,GTM,FRSH,BRZE,INTA,BL,NCNO,ASAN,BLKB,GRND,WRD,AGYS,RNG,ALKT,ALRM,DBD,DV,CXM,PLUS,ADEA,PAR,LSPD,PD,AMPL,MLNK,JAMF,DFIN,UPBD,MNTN,FSLY,PRO,SEMR,PDFS,STRD,YB,SMWB,SPT,DCBO,IBTA,DJCO,DSP,MITK,TONX,CMRC,PUBM,OOMA,MTLS,TRAK,XPER,ONTF,IMMR,ASUR,DMRC,AEYE,SVCO,SSTI,ATHR,NXTT,VTSI,INLX,NUKK,CYN,QH,SOUNW,BULLW"
86,Footwear & Accessories,Consumer Cyclical,44,46,53,25,"NKE,DECK,ONON,BIRK,CROX,SHOO,FORD,WWW,WEYS,FMFC,RCKY"
87,Personal Services,Consumer Cyclical,44,39,57,71,"ROL,SCI,HRB,BFAM,FTDR,CSV,WW,MED,RGS"
88,Farm & Heavy Construction Machinery,Industrials,43,59,70,39,"CAT,DE,PCAR,CNH,OSK,AGCO,TEX,REVG,ALG,BLBD,LNN,KDK,ASTE,AEBI,HY,TWI,CMCO,WNC,MTW,BNC,GENC,RYM"
89,Food Distribution,Consumer Defensive,43,56,53,56,"SYY,USFD,PFGC,CHEF,UNFI,ANDE,AVO,CVGW,WILC,DIT,MTEX,TWG"
90,Information Technology Services,Technology,43,42,54,53,"IBM,ACN,FI,INFY,FIS,CTSH,BR,LDOS,CDW,GIB,IT,JKHY,CACI,AUR,PSN,EPAM,PONY,GDS,G,EXLS,KD,APLD,INGM,SAIC,VRRM,WNS,CNXC,VNET,GLOB,DXC,INOD,BBAI,ASGN,FORTY,VYX,TASK,NABL,PENG,MFH,MGIC,GDYN,IBEX,TSSI,HCKT,TTGT,III,CSPI,SAIH,ARBB"
91,Leisure,Consumer Cyclical,42,46,51,44,"AS,HAS,PLNT,LTH,MAT,GOLF,PTON,PRKS,YETI,FUN,OSW,MSGE,MODG,LUCK,JOUT,XPOF,JAKK,DOGZ,ESCA,AOUT,GDHG"
92,Railroads,Industrials,41,34,59,30,"UNP,CP,NSC,CSX,CNI,WAB,TRN,GBX,FSTR,RAIL"
93,Insurance - Life,Financial Services,41,36,40,55,"AFL,MET,MFC,PRU,PUK,UNM,GL,PRI,LNC,JXN,FG,CNO,GNW,BHF,CIA,BHFAM,BHFAP,ABL,BHFAN,BHFAO"
94,Waste Management,Industrials,41,43,46,40,"WM,RSG,WCN,GFL,CLH,CWST,NVRI,MEG,ABAT,PESI,ENGS,LNZA,AQMS,GWAV"
95,"Furnishings, Fixtures & Appliances",Consumer Cyclical,40,49,44,29,"SGI,SN,MHK,WHR,PATK,SCS,HNI,MBC,TILE,LZB,MLKN,LEG,AMWD,ETD,LOVE,FLXS,HBB,SNBR,BSET,NVFY,KEQU,VIRC,HOFT,FGI"
96,Home Improvement Retail,Consumer Cyclical,40,44,44,25,"HD,LOW,FND,HVT,TTSH,LIVE"
97,Specialty Chemicals,Basic Materials,40,47,38,32,"LIN,SHW,ECL,APD,DD,PPG,LYB,IFF,RPM,SQM,ALB,WLK,NEU,EMN,AXTA,ESI,BCPC,CBT,SSL,SXT,HWKN,FUL,PRM,AVNT,WDFC,CC,KWR,ASH,NGVT,MTX,IOSP,CLMT,SCL,ECVT,ODC,KRO,MATV,KOP,HDSN,OEC,CMT,FSI,NTIC,BGLC"
98,Insurance - Specialty,Financial Services,40,40,45,64,"FNF,RYAN,AXS,MTG,FAF,ESNT,ACT,RDN,AGO,NMIH,EIG,AMSF,TIPT,ITIC,AMBC,MBI,JRVR"
99,Chemicals,Basic Materials,39,35,29,20,"DOW,CE,MEOH,OLN,HUN,REX,ASPI,WLKP,GPRE,LXU,ASIX,RYAM,VHI"
100,Electronics & Computer Distribution,Technology,39,46,62,31,"SNX,ARW,AVT,NSIT,CNXN,SCSC,CLMB"
101,Drug Manufacturers - General,Healthcare,39,40,30,48,"LLY,JNJ,ABBV,NVO,NVS,AZN,MRK,AMGN,GILD,PFE,SNY,BMY,GSK,BIIB,GRFS,OGN,AMRN,SCLX,NSRX"
102,Insurance - Diversified,Financial Services,39,36,46,55,"ACGLN,AIG,ACGL,SLF,BNT,ACGLO,AEG,FIHL,IGIC"
103,Auto & Truck Dealerships,Consumer Cyclical,39,54,66,60,"CVNA,PAG,LAD,AN,KMX,GPI,ABG,VVV,RUSHB,RUSHA,CARG,KAR,DRVN,SAH,ACVA,MCW,CWH,KFS,CRMT,VRM"
104,n/a,n/a,38,36,29,60,"GSRTR,CMSA,EFTY,PLTS,FOFO,RILYT,ETHA,RILYG,RILYN,DGP,RILYZ,GENVR,FNGO,BBBY,IBIT,TPTA,BAR,AGD,BWNB,NCIQ,RILYK,HOVNP,FOSLL,BTQ,SCCF,BWSN,SLVO,SCCE,CTDD,SCCG,CTBB,GRN,SCCD,GPJA,CUBB,DHCNI,GLDI,DJP,MCGAU,SREA,AFGE,LION,CMSD,CMSC,JSM,ZTR,TFSA,PRS,BPYPM,UCIB,AACI,BEPJ,PFXNZ,ATLCL,MHLA,GEGGL,DUKB,AFGB,ENO,METCI,SOJC,MHNC,SVACU,AFGD,BIPJ,TVC,TVE,BLZRU,OXSQH,OXSQG,ASBA,ATLCZ,RAC,METCZ,ENJ,DTB,BANFP,AFGC,GAINZ,ADAMG,KKRT,CGABL,ECCV,CRBD,VXZ,DTW,KCHVU,GJH,NHICU,AEFC,GJS,SSSSL,AOMD,TPGXL,DDT,PMTW,AEXA,MGR,GAINI,OXLCG,MGRD,ATMP,NHIC,KTH,NMPAU,ECCU,HTFC,SOJF,OXLCZ,FCRX,HNNAZ,ADAMH,GJT,MGRE,TWOD,ATHS,MGRB,KMPB,SAT,ELC,RCB,DTK,HCXY,PYT,HWCPZ,BIPI,TMUSI,FGN,PRH,NEWTZ,KKRS,GECCH,NRUC,HROWL,RZB,CIMP,RZC,CRAQU,GAINN,CICB,GECCG,BIPH,SCCC,HTFB,SOJD,MITP,ECCW,RWAYL,OXLCL,PMTV,FIGX,RWAYZ,CRAQ,JENA,PFH,PAII,OXLCI,TMUSZ,NMP,SWKHL,MFAN,EMISU,LWACU,KCHV,DCOMG,GTEN,ADAMI,TRINZ,NEWTG,UNMA,CIMN,FGSN,NEWTI,MITN,SAJ,ECCX,AQNB,GECCO,BEPI,TRINI,CIMO,MFAO,INBKZ,TBB,RCD,WHFCL,DTG,NEWTH,JBK,SAY,PMTU,CGBDL,AOMN,GJP,SAZ,APOS,BNJ,WENNU,TMUSL,NMFCZ,MCGA,RWTN,SOJE,RWTP,KTN,PFFL,CSWCZ,RWTO,GOODO,GAINL,GLADZ,GJO,CCIA,AMUB,HROWM,ABLLL,BEPH,PCAP,MLPB,BNH,AIZN,QVCD,QVCC,UZD,BDCZ,UZF,UZE,USOI,NIQ,BHFAL,WENN,SPMC,CFND,SWZ,DGZ,OPINL,VXX,FNGD,EAI,SI,EMP,MFICL,DHCNL,GECCZ,OCSAW,SFB"
105,Shell Companies,Financial Services,38,37,40,85,"HONDU,HOND,CCCXU,CCCX,ATIIU,ISRLU,GIGGU,ATMCU,VCIC,CHARU,ONCHU,BEAGU,TACOU,ANSC,BACQ,GIG,TVA,POLE,GRAF,CEP,ETHM,RFAI,WLAC,SVII,MAYA,KVAC,SPKL,TBMC,EURK,DMYY,ESHA,ATMV,IROH,ORIQU,NTWOU,VACHU,GPAT,HCMAU,AAM,ALF,IPCXU,EQV,DMAA,BEAG,CUB,FERA,ALDF,JACS,LPAA,LPBB,LEGT,AACBU,OACC,PLMK,NETD,TDAC,SVCC,NTWO,IBAC,PGAC,FGMC,HSPT,ISRL,RIBB,ALCY,RDAGU,CCIIU,KFII,CHAC,LCCCU,SSEAU,OYSEU,BSAAU,GTERU,GSRT,GSRFU,KOYNU,NPACU,FIGXU,BRRWU,QUMSU,BLUWU,CEPF,TACH,BCARU,OTGAU,TACO,CCIX,SOUL,IPOD,PACHU,OYSE,VNMEU,OBAWU,BACC,PMTR,COPL,ONCH,INAC,PELI,QSEA,LCCC,UYSC,BSAA,MBVIU,DAAQU,AXINU,TLNCU,MKLYU,EVAC,LATAU,BCAR,DMIIU,KOYN,RDAG,BRR,PCAPU,RTACU,RTAC,MBAV,CAEP,CCII,HCMA,CEPT,BLUW,PACH,OBA,LOKV,GTERA,CGCT,SBXD,SOCA,DAAQ,RAAQ,CEPO,VNME,EGHA,SPEG,ORIQ,CHECU,HONDW"
106,Building Products & Equipment,Industrials,38,49,48,34,"TT,JCI,CARR,LII,MAS,CSL,BLDR,OC,WMS,SPXC,AWI,AAON,FBIN,LPX,TREX,GFF,ROCK,ARLO,JBI,LMB,APOG,SWIM,NX,ASPN,PPIH"
107,REIT - Office,Real Estate,37,38,42,39,"ARE,BXP,VNO,KRC,CUZ,SLG,HIW,CDP,DEI,OGCP,ESBA,PGRE,JBGS,DEA,PDM,PSTL,PKST,NLOP,CIO,CMCT"
108,Financial Data & Stock Exchanges,Financial Services,37,44,63,48,"SPGI,CME,ICE,MCO,COIN,NDAQ,MSCI,CBOE,TRU,FDS,MORN,VALU,MKTW"
109,Medical Devices,Healthcare,37,40,38,46,"ABT,BRKRP,BSX,SYK,MDT,EW,DXCM,PHG,STE,PODD,ZBH,SNN,PEN,MASI,GMED,BIO,IRTC,BRKR,GKOS,TMDX,ITGR,LIVN,HAE,INSP,ATEC,PRCT,AORT,QDEL,ENOV,UFPT,NVCR,CNMD,ESTA,AHCO,SSII,IART,INMD,IRMD,BBNX,TNDM,AXGN,PMI,CLPT,SIBN,OFIX,HSDT,AVNS,ZIMV,VREX,KIDS,SMLR,BVS,SRDX,TMCI,CBLL,RXST,DCTH,NPCE,TCMD,SNWV,MASS,BWAY,OM,VMD,QTRX,MGRM,INGN,ELMD,CVRX,STEX,PROF,LNSR,RCEL,OWLT,RBOT,NSYS,NAOV"
110,Advertising Agencies,Communication Services,37,35,42,28,"APP,TTD,OMC,IPG,WPP,MGNI,IAS,ZD,STGW,CRTO,EEX,QNST,NEXN,TDIC,TSQ,TZUP,ACCS,TC,KRKR"
111,Utilities - Diversified,Utilities,37,36,32,54,"SRE,BIP,AES,AQN,ALE,AVA,UTL"
112,Integrated Freight & Logistics,Industrials,37,43,41,32,"UPS,FDX,EXPD,CHRW,ZTO,JBHT,GXO,LSTR,HUBG,PBI,FWRD,CYRX,RLGT,PAL,CJMB"
113,Asset Management,Financial Services,36,38,37,48,"FGNXP,BX,BLK,BN,BAM,RJF,STT,NTRS,CG,TPG,CRBG,EQH,BEN,SEIC,IVZ,STEP,PDI,JHG,AMG,MAIN,VCTR,FHI,HASI,DNP,UTG,CSQ,EXG,ADX,ETY,GDV,PAX,CLM,BBUC,DBRG,SII,TSLX,WT,RVT,GAB,PDO,TY,AAMI,STEW,ETV,ETG,BDJ,BSTZ,CET,BXMX,BTT,GAM,BST,QQQX,EOS,CRF,NFJ,NBXG,FPF,PTA,TRIN,AOD,ETW,HQH,CII,HTD,ASA,EOI,AIO,GGN,FFC,BCX,MEGI,PAXS,BTO,NIE,VINP,BOE,TBLD,LDP,STK,ASGI,BUI,EMD,IIM,AVK,RMT,WIW,GUT,NXJ,THW,CHW,NPFD,DPG,IGD,HPI,ETO,DFP,EVN,NQP,ETB,HQL,NMAI,FFA,JRI,SOR,FOF,EDD,HFRO,RCS,BGR,TWN,NCV,CPZ,JGH,JOF,TDF,TEI,MXF,CAF,NCZ,AEF,SABA,EMF,ACV,FUND,GLO,EOD,EVM,MLCI,LGI,MPV,SSSS,ETX,NXG,SRV,HGLB,FT,FLC,IDE,GF,CHN,ENX,SWKH,SPE,ECF,WHG,BANX,PFD,BWG,GLQ,GECC,JHS,KF,PFO,BCV,CGO,GGZ,GNT,JEQ,IHD,ERH,GLU,CEE,PGP,GDL,RGT,IAE,GLV,EEA,MXE,NXN,NOM,OCCIM,KKR,OCCIN,EICA,OXLCP,ECCC,PTY,ECCF,SPMA,TROW,GCMG,KYN,EVT,NUV,BTZ,MUC,AWF,NOAH,TYG,FAX,PDT,MUJ,NKX,MMU,VGM,IQI,BGY,HPS,ISD,NBB,OXLCO,MUA,LEO,VKI,HPF,ASG,DSM,PMO,ERC,JCE,RIV,NUW,PSF,MUE,DMB,VTN,IGA,EVG,NAZ,WEA,RMMZ,PHD,JHI,NIM,SBI,DTF,VLT,JMM,GRF,OCCIO,OXLCN,APO,AMP,OWL,PFG,ARCC,HLNE,OBDC,OTF,BXSL,FSK,GBDC,CNS,NEA,APAM,NAD,BUR,GOF,JPC,NZF,UTF,USA,RQI,OXLC,BCAT,HYT,MSDL,DSL,GSBD,CSWC,NMZ,OCSL,MFIC,PDX,SPME,EIIA,EICB,NAC,JFR,RNP,NMFC,KBDC,CGBD,BBDC,BCSF,PCN,BMEZ,PFLT,NRK,MQY,EMO,SLRC,ECC,BTX,IGR,NXP,RA,DLY,ACP,BHK,JQC,PFN,NCDL,THQ,VMO,MSIF,NDMO,IFN,DSU,BIT,CCD,CCAP,DIAX,VKQ,GAIN,GHY,TCPC,PML,KIO,GUG,CION,NML,GLAD,MYD,BME,FRA,BFK,PNNT,MCI,SDHY,XFLT,PSBD,DHIL,SCM,RWAY,EIC,BGT,EFR,ARDC,BRW,BFZ,RFMZ,INV,EFT,AFB,WTF,BGH,NBH,NCA,OIA,BYM,RMM,BKT,SCD,MCR,HYI,FCT,FTF,HRZN,RLTY,IIF,LIEN,DXYZ,JRS,TPVG,NHS,MQT,MVT,MFM,NPV,EARN,FGNX,OPP,WIA,VPV,BSL,PCQ,WHF,EDF,TEAF,NNY,MHF,BCIC,BGX,MSD,MRCC,MPA,OCCI,GRX,SAMG,MCN,HEQ,VFL,CCIF,PCF,PDCC,JLS,OFS,NMI,EVF,PFX,RMI,VGI,GDO,RFM,NXC,PCM,HNNA,DMA,PNI,CXH,FMY,EICC,FDUS,NTRSO,ARES,AB,HTGC,NVG,ECAT,FSCO,VRTS,PX,EVV,BBN,CHY,CHI,WDI,MYI,MHD,ETJ,NMCO,PEO,BLW,BGB,FTHY,EIM,VCV,BLE,FINS,GBAB,EAD,MVF,SAR,PFL,MYN,KTF,NAN,MIY,RFI,NPCT,SPXX,MHN,DBL,MMD,PMM,EOT,BNY,EHI,BKN,VBF,BMN,DMO,BTA,PAI,NMT,IGI,FMN,NMS,CEV,PGZ,RSF,RAND,ATON,BHV"
114,Healthcare Plans,Healthcare,36,43,32,72,"UNH,CVS,CI,ELV,HUM,CNC,MOH,OSCR,ALHC,PGNY,NEUE"
115,Medical Instruments & Supplies,Healthcare,35,38,33,41,"ISRG,BDX,RMD,ALC,WST,HOLX,COO,SOLV,BAX,ALGN,ATR,AVTR,RGEN,STVN,TFX,BLCO,MMSI,WRBY,NVST,ICUI,XRAY,LMAT,ATRC,NNNN,STAA,AZTA,KMTS,PLSE,BLFS,EMBC,ANGO,SMTI,INFU,UTMD,STSS,PDEX,DXR,EKSO,GCTK"
116,Beverages - Wineries & Distilleries,Consumer Defensive,35,40,37,37,"DEO,MGPI,EPSM"
117,Grocery Stores,Consumer Defensive,35,39,59,80,"KR,SFM,ACI,WMK,GO,IMKTA,NGVC,VLGEA"
118,Tools & Accessories,Industrials,34,39,38,32,"SNA,LECO,RBC,SWK,TTC,TKR,HLMN,KMT,EML,CVR"
119,Oil & Gas Drilling,Energy,34,42,18,15,"NE,HP,PTEN,SDRL,SOC,PDS,NBR"
120,Insurance - Reinsurance,Financial Services,34,33,43,58,"EG,RGA,RNR,HG,SPNT,GLRE"
121,Utilities - Regulated Water,Utilities,33,33,33,77,"SBS,CDZIP,AWK,WTRG,AWR,CWT,HTO,ARIS,MSEX,CWCO,YORW,ARTNA,GWRS,PCYO"
122,Farm Products,Consumer Defensive,32,35,28,54,"ADM,CHSCP,CHSCM,CHSCO,BG,CHSCN,CHSCL,TSN,CALM,VITL,FDP,DOLE,AGRO,LMNR,ALCO,AFRI,SDOT,SISI"
123,Beverages - Non-Alcoholic,Consumer Defensive,32,34,53,72,"KO,PEP,MNST,CCEP,KDP,KOF,CELH,COKE,PRMB,FIZZ,COCO,STKL"
124,REIT - Retail,Real Estate,30,31,30,56,"SPG,REGCO,O,REGCP,KIM,REG,FRT,BRX,NNN,ADC,EPRT,KRG,PECO,MAC,SKT,AKR,UE,FCPT,CURB,IVT,NTST,GTY,ALEX,ALX,BFS,CBL,WSR,SITC,PINE,WHLRD,WHLR"
125,Household & Personal Products,Consumer Defensive,29,29,39,45,"PG,UL,CL,KMB,EL,KVUE,CHD,CLX,ELF,IPAR,NWL,SPB,EPC,YSG,NUS,HELE,PTNM,ACU,UG"
126,REIT - Industrial,Real Estate,29,26,23,32,"PLD,PSA,EXR,REXR,LINE,CUBE,EGP,FR,STAG,TRNO,NSA,COLD,LXP,SMA,IIPR,PLYM,ILPT,MDV"
127,Oil & Gas E&P,Energy,29,31,27,32,"COP,CNQ,EOG,OXY,FANG,EQT,WDS,EXE,DVN,TPL,CTRA,PR,OVV,AR,RRC,APA,CRK,CHRD,MTDR,MGY,CNX,CRC,MUR,VIST,GPOR,SM,CIVI,BSM,NOG,MNR,BKV,TALO,KRP,VET,DMLP,VTS,HPK,TXO,GRNT,VTLE,REPX,OBE,SD,GPRK,SJT,PNRG,TBN,AMPY,HUSA,INR,KGEI,EPSN,MVO,NRT,CRT,CKX,MXC,MTR"
128,Publishing,Communication Services,28,32,26,48,"NYT,PSO,WLYB,WLY,SCHL,LEE"
129,Packaged Foods,Consumer Defensive,28,33,33,51,"JBS,KHC,K,GIS,MKC,HRL,SJM,PPC,CPB,SFD,CAG,INGR,LW,POST,DAR,MZTI,BRBR,FLO,FRPT,SMPL,NOMD,CENT,CENTA,JJSF,UTZ,THS,HLF,JBSS,SENEA,OTLY,USNA,MAMA,LWAY,NATR,BHST,FTLF,LFVN,DDC,BRID,LSF,CLNN,STKH"
130,Packaging & Containers,Consumer Cyclical,28,34,44,33,"IP,SW,PKG,AMCR,BALL,AVY,CCK,GPK,SEE,REYN,SLGN,SON,GEF,ORBS,OI,TRS,MYE,KRT,PACK"
131,REIT - Mortgage,Real Estate,27,33,27,45,"NLY,ADAML,ADAMM,ADAMZ,AGNC,AGNCP,AGNCN,RITM,ARI,AGNCZ,AGNCO,ADAMN,AGNCL,AGNCM,STWD,BXMT,ABR,ARR,DX,LADR,EFC,CIM,PMT,ORC,TWO,MFA,FBRT,RWT,BRSP,TRTX,ADAM,KREF,IVR,NREF,REFI,MITT,AOMR,ACR,SEVN,SUNS,LOAN"
132,Restaurants,Consumer Cyclical,26,40,54,43,"MCD,SBUX,CMG,YUM,QSR,DRI,YUMC,DPZ,TXRH,BROS,WING,CAVA,EAT,SHAK,CHA,CAKE,WEN,PZZA,ARCO,HDL,CNNE,CBRL,BH,FWRG,SG,KRUS,BJRI,BLMN,VENU,PBPB,PTLO,NATH,BRCB,DIN,JACK,LOCO,DENN,RICK,MB,RRGB,BDL"
133,Consulting Services,Industrials,26,23,31,32,"VRSK,EFX,BAH,FCN,DGNX,HURN,ICFI,CRAI,FORR,RGP,EGG,VCIG"
134,REIT - Diversified,Real Estate,25,23,18,44,"SQFTP,VICI,WPC,BNL,GOODN,ESRT,GNL,AAT,SAFE,AHH,GOOD,CTO,OLP,FVR,MDRR,MKZR,SQFT"
135,REIT - Specialty,Real Estate,22,21,34,52,"LANDO,LANDP,AMT,EQIX,DLR,CCI,IRM,SBAC,WY,GLPI,LAMR,EPR,RYN,PCH,OUT,UNIT,FPI,LANDM,LAND,SELF"
136,Staffing & Employment Services,Industrials,21,30,28,32,"KFY,RHI,TNET,NSP,MAN,BBSI,HSII,KFRC,KELYA,TBI,HQI,MHH,BGSF"
137,REIT - Hotel & Motel,Real Estate,18,23,20,15,"HST,RHP,APLE,PK,SHO,DRH,XHR,PEB,RLJ,AHT,INN,CLDT,SOHON,SOHOB"
138,Insurance Brokers,Financial Services,17,19,37,74,"MMC,AJG,AON,WTW,BRO,ERIE,CRVL,ARX,GSHD,BWIN,TWFG,KG,AIFU"
139,REIT - Residential,Real Estate,16,19,19,61,"AVB,EQR,ESS,INVH,SUI,MAA,UDR,AMH,ELS,CPT,MRP,IRT,VRE,NXRT,ELME,UMH,AIV,CSR,BRT,BHM"
140,Beverages - Brewers,Consumer Defensive,14,12,31,61,"BUD,FMX,STZ,TAP,SAM,CCU"
141,Lumber & Wood Production,Basic Materials,11,26,17,26,"SSD,UFPI,WFG,BCC"
142,Business Equipment & Supplies,Industrials,10,9,7,39,EBF
143,Trucking,Industrials,9,12,26,14,"ODFL,XPO,SAIA,TFII,KNX,SNDR,RXO,ARCB,WERN,MRTN,HTLD,ULH,CVLG,PAMT"
144,Paper & Paper Products,Basic Materials,6,13,17,18,"SUZ,SLVM,MAGN,CLW"
145,Textile Manufacturing,Consumer Cyclical,2,6,16,15,AIN
